quarter,topic,count,total,share
2014Q4,0,73,245,0.2979591836734694
2014Q4,1,15,245,0.061224489795918366
2014Q4,2,16,245,0.0653061224489796
2014Q4,3,22,245,0.08979591836734693
2014Q4,4,13,245,0.053061224489795916
2014Q4,5,2,245,0.00816326530612245
2014Q4,6,8,245,0.0326530612244898
2014Q4,7,12,245,0.04897959183673469
2014Q4,8,14,245,0.05714285714285714
2014Q4,9,5,245,0.02040816326530612
2014Q4,10,9,245,0.036734693877551024
2014Q4,11,3,245,0.012244897959183673
2014Q4,12,9,245,0.036734693877551024
2014Q4,13,6,245,0.024489795918367346
2014Q4,14,5,245,0.02040816326530612
2014Q4,16,9,245,0.036734693877551024
2014Q4,17,2,245,0.00816326530612245
2014Q4,18,13,245,0.053061224489795916
2014Q4,19,4,245,0.0163265306122449
2014Q4,20,5,245,0.02040816326530612
2015Q1,0,48,251,0.19123505976095617
2015Q1,1,16,251,0.06374501992031872
2015Q1,2,26,251,0.10358565737051793
2015Q1,3,23,251,0.09163346613545817
2015Q1,4,11,251,0.043824701195219126
2015Q1,5,16,251,0.06374501992031872
2015Q1,6,9,251,0.035856573705179286
2015Q1,7,7,251,0.027888446215139442
2015Q1,8,3,251,0.01195219123505976
2015Q1,9,9,251,0.035856573705179286
2015Q1,10,7,251,0.027888446215139442
2015Q1,11,10,251,0.0398406374501992
2015Q1,12,9,251,0.035856573705179286
2015Q1,13,6,251,0.02390438247011952
2015Q1,14,3,251,0.01195219123505976
2015Q1,15,7,251,0.027888446215139442
2015Q1,16,13,251,0.05179282868525897
2015Q1,17,6,251,0.02390438247011952
2015Q1,18,7,251,0.027888446215139442
2015Q1,19,4,251,0.01593625498007968
2015Q1,20,11,251,0.043824701195219126
2015Q2,0,38,305,0.12459016393442623
2015Q2,1,42,305,0.1377049180327869
2015Q2,2,25,305,0.08196721311475409
2015Q2,3,34,305,0.11147540983606558
2015Q2,4,14,305,0.04590163934426229
2015Q2,5,17,305,0.05573770491803279
2015Q2,6,14,305,0.04590163934426229
2015Q2,7,15,305,0.04918032786885246
2015Q2,8,9,305,0.029508196721311476
2015Q2,9,12,305,0.03934426229508197
2015Q2,10,6,305,0.019672131147540985
2015Q2,11,6,305,0.019672131147540985
2015Q2,12,13,305,0.04262295081967213
2015Q2,13,6,305,0.019672131147540985
2015Q2,14,7,305,0.022950819672131147
2015Q2,15,11,305,0.036065573770491806
2015Q2,16,6,305,0.019672131147540985
2015Q2,17,7,305,0.022950819672131147
2015Q2,18,15,305,0.04918032786885246
2015Q2,19,3,305,0.009836065573770493
2015Q2,20,5,305,0.01639344262295082
2015Q3,0,42,277,0.15162454873646208
2015Q3,1,37,277,0.13357400722021662
2015Q3,2,21,277,0.07581227436823104
2015Q3,3,19,277,0.06859205776173286
2015Q3,4,20,277,0.07220216606498195
2015Q3,5,9,277,0.032490974729241874
2015Q3,6,15,277,0.05415162454873646
2015Q3,7,13,277,0.04693140794223827
2015Q3,8,14,277,0.05054151624548736
2015Q3,9,4,277,0.01444043321299639
2015Q3,10,17,277,0.061371841155234655
2015Q3,11,6,277,0.021660649819494584
2015Q3,12,2,277,0.007220216606498195
2015Q3,13,10,277,0.036101083032490974
2015Q3,14,5,277,0.018050541516245487
2015Q3,15,11,277,0.039711191335740074
2015Q3,16,5,277,0.018050541516245487
2015Q3,17,12,277,0.04332129963898917
2015Q3,18,5,277,0.018050541516245487
2015Q3,19,1,277,0.0036101083032490976
2015Q3,20,9,277,0.032490974729241874
2015Q4,0,52,335,0.15522388059701492
2015Q4,1,50,335,0.14925373134328357
2015Q4,2,16,335,0.04776119402985075
2015Q4,3,13,335,0.03880597014925373
2015Q4,4,19,335,0.056716417910447764
2015Q4,5,14,335,0.041791044776119404
2015Q4,6,6,335,0.01791044776119403
2015Q4,7,19,335,0.056716417910447764
2015Q4,8,21,335,0.0626865671641791
2015Q4,9,22,335,0.06567164179104477
2015Q4,10,11,335,0.03283582089552239
2015Q4,11,8,335,0.023880597014925373
2015Q4,12,19,335,0.056716417910447764
2015Q4,13,14,335,0.041791044776119404
2015Q4,14,10,335,0.029850746268656716
2015Q4,15,9,335,0.026865671641791045
2015Q4,16,6,335,0.01791044776119403
2015Q4,17,5,335,0.014925373134328358
2015Q4,18,11,335,0.03283582089552239
2015Q4,19,7,335,0.020895522388059702
2015Q4,20,3,335,0.008955223880597015
2016Q1,0,42,258,0.16279069767441862
2016Q1,1,29,258,0.1124031007751938
2016Q1,2,21,258,0.08139534883720931
2016Q1,3,15,258,0.05813953488372093
2016Q1,4,15,258,0.05813953488372093
2016Q1,5,11,258,0.04263565891472868
2016Q1,6,13,258,0.050387596899224806
2016Q1,7,15,258,0.05813953488372093
2016Q1,8,9,258,0.03488372093023256
2016Q1,9,11,258,0.04263565891472868
2016Q1,10,12,258,0.046511627906976744
2016Q1,11,8,258,0.031007751937984496
2016Q1,12,8,258,0.031007751937984496
2016Q1,13,15,258,0.05813953488372093
2016Q1,14,5,258,0.01937984496124031
2016Q1,15,4,258,0.015503875968992248
2016Q1,16,7,258,0.027131782945736434
2016Q1,17,8,258,0.031007751937984496
2016Q1,18,3,258,0.011627906976744186
2016Q1,19,2,258,0.007751937984496124
2016Q1,20,5,258,0.01937984496124031
2016Q2,0,33,211,0.15639810426540285
2016Q2,1,27,211,0.12796208530805686
2016Q2,2,16,211,0.07582938388625593
2016Q2,3,10,211,0.04739336492890995
2016Q2,4,10,211,0.04739336492890995
2016Q2,5,12,211,0.05687203791469194
2016Q2,6,14,211,0.06635071090047394
2016Q2,7,7,211,0.03317535545023697
2016Q2,8,3,211,0.014218009478672985
2016Q2,9,5,211,0.023696682464454975
2016Q2,10,12,211,0.05687203791469194
2016Q2,11,2,211,0.009478672985781991
2016Q2,12,8,211,0.037914691943127965
2016Q2,13,8,211,0.037914691943127965
2016Q2,14,11,211,0.052132701421800945
2016Q2,15,2,211,0.009478672985781991
2016Q2,16,5,211,0.023696682464454975
2016Q2,17,3,211,0.014218009478672985
2016Q2,18,9,211,0.04265402843601896
2016Q2,19,7,211,0.03317535545023697
2016Q2,20,7,211,0.03317535545023697
2016Q3,0,29,192,0.15104166666666666
2016Q3,1,16,192,0.08333333333333333
2016Q3,2,20,192,0.10416666666666667
2016Q3,3,6,192,0.03125
2016Q3,4,17,192,0.08854166666666667
2016Q3,5,10,192,0.052083333333333336
2016Q3,6,16,192,0.08333333333333333
2016Q3,7,10,192,0.052083333333333336
2016Q3,8,7,192,0.036458333333333336
2016Q3,9,5,192,0.026041666666666668
2016Q3,10,11,192,0.057291666666666664
2016Q3,11,11,192,0.057291666666666664
2016Q3,12,6,192,0.03125
2016Q3,13,9,192,0.046875
2016Q3,15,1,192,0.005208333333333333
2016Q3,16,5,192,0.026041666666666668
2016Q3,17,1,192,0.005208333333333333
2016Q3,18,1,192,0.005208333333333333
2016Q3,19,7,192,0.036458333333333336
2016Q3,20,4,192,0.020833333333333332
2016Q4,0,20,246,0.08130081300813008
2016Q4,1,22,246,0.08943089430894309
2016Q4,2,29,246,0.11788617886178862
2016Q4,3,23,246,0.09349593495934959
2016Q4,4,11,246,0.044715447154471545
2016Q4,5,16,246,0.06504065040650407
2016Q4,6,19,246,0.07723577235772358
2016Q4,7,6,246,0.024390243902439025
2016Q4,8,16,246,0.06504065040650407
2016Q4,9,5,246,0.02032520325203252
2016Q4,10,5,246,0.02032520325203252
2016Q4,11,16,246,0.06504065040650407
2016Q4,12,13,246,0.052845528455284556
2016Q4,13,7,246,0.028455284552845527
2016Q4,14,4,246,0.016260162601626018
2016Q4,15,3,246,0.012195121951219513
2016Q4,16,11,246,0.044715447154471545
2016Q4,17,5,246,0.02032520325203252
2016Q4,18,6,246,0.024390243902439025
2016Q4,19,3,246,0.012195121951219513
2016Q4,20,6,246,0.024390243902439025
2017Q1,0,21,248,0.0846774193548387
2017Q1,1,26,248,0.10483870967741936
2017Q1,2,12,248,0.04838709677419355
2017Q1,3,23,248,0.09274193548387097
2017Q1,4,14,248,0.056451612903225805
2017Q1,5,13,248,0.05241935483870968
2017Q1,6,12,248,0.04838709677419355
2017Q1,7,17,248,0.06854838709677419
2017Q1,8,7,248,0.028225806451612902
2017Q1,9,12,248,0.04838709677419355
2017Q1,10,6,248,0.024193548387096774
2017Q1,11,6,248,0.024193548387096774
2017Q1,12,4,248,0.016129032258064516
2017Q1,13,14,248,0.056451612903225805
2017Q1,14,14,248,0.056451612903225805
2017Q1,15,8,248,0.03225806451612903
2017Q1,16,3,248,0.012096774193548387
2017Q1,17,6,248,0.024193548387096774
2017Q1,18,13,248,0.05241935483870968
2017Q1,19,13,248,0.05241935483870968
2017Q1,20,4,248,0.016129032258064516
2017Q2,0,27,260,0.10384615384615385
2017Q2,1,29,260,0.11153846153846154
2017Q2,2,22,260,0.08461538461538462
2017Q2,3,22,260,0.08461538461538462
2017Q2,4,29,260,0.11153846153846154
2017Q2,5,18,260,0.06923076923076923
2017Q2,6,11,260,0.04230769230769231
2017Q2,7,15,260,0.057692307692307696
2017Q2,8,9,260,0.03461538461538462
2017Q2,9,5,260,0.019230769230769232
2017Q2,10,10,260,0.038461538461538464
2017Q2,11,4,260,0.015384615384615385
2017Q2,12,10,260,0.038461538461538464
2017Q2,13,6,260,0.023076923076923078
2017Q2,14,7,260,0.026923076923076925
2017Q2,15,6,260,0.023076923076923078
2017Q2,16,9,260,0.03461538461538462
2017Q2,17,6,260,0.023076923076923078
2017Q2,18,5,260,0.019230769230769232
2017Q2,19,3,260,0.011538461538461539
2017Q2,20,7,260,0.026923076923076925
2017Q3,0,46,251,0.18326693227091634
2017Q3,1,24,251,0.09561752988047809
2017Q3,2,18,251,0.07171314741035857
2017Q3,3,11,251,0.043824701195219126
2017Q3,4,19,251,0.07569721115537849
2017Q3,5,6,251,0.02390438247011952
2017Q3,6,21,251,0.08366533864541832
2017Q3,7,12,251,0.04780876494023904
2017Q3,8,9,251,0.035856573705179286
2017Q3,9,7,251,0.027888446215139442
2017Q3,10,11,251,0.043824701195219126
2017Q3,11,7,251,0.027888446215139442
2017Q3,12,12,251,0.04780876494023904
2017Q3,13,14,251,0.055776892430278883
2017Q3,14,1,251,0.00398406374501992
2017Q3,15,8,251,0.03187250996015936
2017Q3,16,4,251,0.01593625498007968
2017Q3,17,8,251,0.03187250996015936
2017Q3,18,2,251,0.00796812749003984
2017Q3,19,6,251,0.02390438247011952
2017Q3,20,5,251,0.0199203187250996
2017Q4,0,52,239,0.2175732217573222
2017Q4,1,24,239,0.100418410041841
2017Q4,2,19,239,0.0794979079497908
2017Q4,3,21,239,0.08786610878661087
2017Q4,4,16,239,0.06694560669456066
2017Q4,5,11,239,0.04602510460251046
2017Q4,6,13,239,0.05439330543933055
2017Q4,7,9,239,0.03765690376569038
2017Q4,8,7,239,0.029288702928870293
2017Q4,9,9,239,0.03765690376569038
2017Q4,10,8,239,0.03347280334728033
2017Q4,11,9,239,0.03765690376569038
2017Q4,12,9,239,0.03765690376569038
2017Q4,13,2,239,0.008368200836820083
2017Q4,14,5,239,0.02092050209205021
2017Q4,15,2,239,0.008368200836820083
2017Q4,16,9,239,0.03765690376569038
2017Q4,17,7,239,0.029288702928870293
2017Q4,18,3,239,0.012552301255230125
2017Q4,19,1,239,0.0041841004184100415
2017Q4,20,3,239,0.012552301255230125
2018Q1,0,32,246,0.13008130081300814
2018Q1,1,26,246,0.10569105691056911
2018Q1,2,19,246,0.07723577235772358
2018Q1,3,24,246,0.0975609756097561
2018Q1,4,16,246,0.06504065040650407
2018Q1,5,4,246,0.016260162601626018
2018Q1,6,16,246,0.06504065040650407
2018Q1,7,14,246,0.056910569105691054
2018Q1,8,6,246,0.024390243902439025
2018Q1,9,5,246,0.02032520325203252
2018Q1,10,12,246,0.04878048780487805
2018Q1,11,11,246,0.044715447154471545
2018Q1,12,5,246,0.02032520325203252
2018Q1,13,3,246,0.012195121951219513
2018Q1,14,6,246,0.024390243902439025
2018Q1,15,5,246,0.02032520325203252
2018Q1,16,7,246,0.028455284552845527
2018Q1,17,5,246,0.02032520325203252
2018Q1,18,7,246,0.028455284552845527
2018Q1,19,15,246,0.06097560975609756
2018Q1,20,8,246,0.032520325203252036
2018Q2,0,42,301,0.13953488372093023
2018Q2,1,26,301,0.08637873754152824
2018Q2,2,27,301,0.08970099667774087
2018Q2,3,33,301,0.10963455149501661
2018Q2,4,17,301,0.05647840531561462
2018Q2,5,18,301,0.059800664451827246
2018Q2,6,19,301,0.06312292358803986
2018Q2,7,10,301,0.03322259136212625
2018Q2,8,9,301,0.029900332225913623
2018Q2,9,18,301,0.059800664451827246
2018Q2,10,4,301,0.013289036544850499
2018Q2,11,4,301,0.013289036544850499
2018Q2,12,6,301,0.019933554817275746
2018Q2,13,22,301,0.07308970099667775
2018Q2,14,4,301,0.013289036544850499
2018Q2,15,2,301,0.006644518272425249
2018Q2,16,6,301,0.019933554817275746
2018Q2,17,5,301,0.016611295681063124
2018Q2,18,13,301,0.04318936877076412
2018Q2,19,10,301,0.03322259136212625
2018Q2,20,6,301,0.019933554817275746
2018Q3,0,31,215,0.14418604651162792
2018Q3,1,15,215,0.06976744186046512
2018Q3,2,17,215,0.07906976744186046
2018Q3,3,16,215,0.07441860465116279
2018Q3,4,11,215,0.05116279069767442
2018Q3,5,11,215,0.05116279069767442
2018Q3,6,6,215,0.027906976744186046
2018Q3,7,17,215,0.07906976744186046
2018Q3,8,9,215,0.04186046511627907
2018Q3,9,8,215,0.037209302325581395
2018Q3,10,4,215,0.018604651162790697
2018Q3,11,11,215,0.05116279069767442
2018Q3,12,5,215,0.023255813953488372
2018Q3,13,11,215,0.05116279069767442
2018Q3,14,2,215,0.009302325581395349
2018Q3,15,8,215,0.037209302325581395
2018Q3,16,1,215,0.004651162790697674
2018Q3,17,7,215,0.03255813953488372
2018Q3,18,5,215,0.023255813953488372
2018Q3,19,15,215,0.06976744186046512
2018Q3,20,5,215,0.023255813953488372
2018Q4,0,30,259,0.11583011583011583
2018Q4,1,30,259,0.11583011583011583
2018Q4,2,11,259,0.04247104247104247
2018Q4,3,16,259,0.06177606177606178
2018Q4,4,23,259,0.0888030888030888
2018Q4,5,19,259,0.07335907335907337
2018Q4,6,11,259,0.04247104247104247
2018Q4,7,7,259,0.02702702702702703
2018Q4,8,8,259,0.03088803088803089
2018Q4,9,15,259,0.05791505791505792
2018Q4,10,7,259,0.02702702702702703
2018Q4,11,8,259,0.03088803088803089
2018Q4,12,8,259,0.03088803088803089
2018Q4,13,5,259,0.019305019305019305
2018Q4,14,8,259,0.03088803088803089
2018Q4,15,11,259,0.04247104247104247
2018Q4,16,4,259,0.015444015444015444
2018Q4,17,12,259,0.04633204633204633
2018Q4,18,6,259,0.023166023166023165
2018Q4,19,15,259,0.05791505791505792
2018Q4,20,5,259,0.019305019305019305
2019Q1,0,15,216,0.06944444444444445
2019Q1,1,14,216,0.06481481481481481
2019Q1,2,15,216,0.06944444444444445
2019Q1,3,38,216,0.17592592592592593
2019Q1,4,17,216,0.0787037037037037
2019Q1,5,11,216,0.05092592592592592
2019Q1,6,15,216,0.06944444444444445
2019Q1,7,11,216,0.05092592592592592
2019Q1,8,4,216,0.018518518518518517
2019Q1,9,4,216,0.018518518518518517
2019Q1,10,8,216,0.037037037037037035
2019Q1,11,11,216,0.05092592592592592
2019Q1,12,7,216,0.032407407407407406
2019Q1,13,3,216,0.013888888888888888
2019Q1,14,8,216,0.037037037037037035
2019Q1,15,8,216,0.037037037037037035
2019Q1,16,5,216,0.023148148148148147
2019Q1,17,1,216,0.004629629629629629
2019Q1,18,3,216,0.013888888888888888
2019Q1,19,9,216,0.041666666666666664
2019Q1,20,9,216,0.041666666666666664
2019Q2,0,23,269,0.08550185873605948
2019Q2,1,29,269,0.10780669144981413
2019Q2,2,20,269,0.07434944237918216
2019Q2,3,49,269,0.1821561338289963
2019Q2,4,10,269,0.03717472118959108
2019Q2,5,5,269,0.01858736059479554
2019Q2,6,16,269,0.05947955390334572
2019Q2,7,10,269,0.03717472118959108
2019Q2,8,10,269,0.03717472118959108
2019Q2,9,13,269,0.048327137546468404
2019Q2,10,10,269,0.03717472118959108
2019Q2,11,2,269,0.007434944237918215
2019Q2,12,10,269,0.03717472118959108
2019Q2,13,3,269,0.011152416356877323
2019Q2,14,9,269,0.03345724907063197
2019Q2,15,11,269,0.040892193308550186
2019Q2,16,5,269,0.01858736059479554
2019Q2,17,14,269,0.05204460966542751
2019Q2,18,2,269,0.007434944237918215
2019Q2,19,13,269,0.048327137546468404
2019Q2,20,5,269,0.01858736059479554
2019Q3,0,17,188,0.09042553191489362
2019Q3,1,19,188,0.10106382978723404
2019Q3,2,19,188,0.10106382978723404
2019Q3,3,17,188,0.09042553191489362
2019Q3,4,21,188,0.11170212765957446
2019Q3,5,19,188,0.10106382978723404
2019Q3,6,5,188,0.026595744680851064
2019Q3,7,8,188,0.0425531914893617
2019Q3,8,4,188,0.02127659574468085
2019Q3,9,3,188,0.015957446808510637
2019Q3,10,10,188,0.05319148936170213
2019Q3,11,7,188,0.03723404255319149
2019Q3,12,8,188,0.0425531914893617
2019Q3,13,5,188,0.026595744680851064
2019Q3,14,4,188,0.02127659574468085
2019Q3,15,3,188,0.015957446808510637
2019Q3,16,3,188,0.015957446808510637
2019Q3,17,3,188,0.015957446808510637
2019Q3,18,4,188,0.02127659574468085
2019Q3,19,5,188,0.026595744680851064
2019Q3,20,4,188,0.02127659574468085
2019Q4,0,22,254,0.08661417322834646
2019Q4,1,17,254,0.06692913385826772
2019Q4,2,32,254,0.12598425196850394
2019Q4,3,36,254,0.14173228346456693
2019Q4,4,14,254,0.05511811023622047
2019Q4,5,15,254,0.05905511811023622
2019Q4,6,13,254,0.051181102362204724
2019Q4,7,10,254,0.03937007874015748
2019Q4,8,7,254,0.027559055118110236
2019Q4,9,15,254,0.05905511811023622
2019Q4,10,5,254,0.01968503937007874
2019Q4,11,6,254,0.023622047244094488
2019Q4,12,6,254,0.023622047244094488
2019Q4,13,6,254,0.023622047244094488
2019Q4,14,11,254,0.04330708661417323
2019Q4,15,12,254,0.047244094488188976
2019Q4,16,8,254,0.031496062992125984
2019Q4,17,2,254,0.007874015748031496
2019Q4,18,10,254,0.03937007874015748
2019Q4,19,3,254,0.011811023622047244
2019Q4,20,4,254,0.015748031496062992
2020Q1,0,21,247,0.08502024291497975
2020Q1,1,36,247,0.145748987854251
2020Q1,2,20,247,0.08097165991902834
2020Q1,3,32,247,0.12955465587044535
2020Q1,4,13,247,0.05263157894736842
2020Q1,5,14,247,0.05668016194331984
2020Q1,6,13,247,0.05263157894736842
2020Q1,7,5,247,0.020242914979757085
2020Q1,8,11,247,0.044534412955465584
2020Q1,9,11,247,0.044534412955465584
2020Q1,10,6,247,0.024291497975708502
2020Q1,11,10,247,0.04048582995951417
2020Q1,12,11,247,0.044534412955465584
2020Q1,13,5,247,0.020242914979757085
2020Q1,14,1,247,0.004048582995951417
2020Q1,15,6,247,0.024291497975708502
2020Q1,16,5,247,0.020242914979757085
2020Q1,17,14,247,0.05668016194331984
2020Q1,18,6,247,0.024291497975708502
2020Q1,20,7,247,0.02834008097165992
2020Q2,0,25,303,0.08250825082508251
2020Q2,1,62,303,0.20462046204620463
2020Q2,2,29,303,0.09570957095709572
2020Q2,3,39,303,0.12871287128712872
2020Q2,4,20,303,0.066006600660066
2020Q2,5,13,303,0.0429042904290429
2020Q2,6,25,303,0.08250825082508251
2020Q2,7,1,303,0.0033003300330033004
2020Q2,8,7,303,0.0231023102310231
2020Q2,9,6,303,0.019801980198019802
2020Q2,10,12,303,0.039603960396039604
2020Q2,11,2,303,0.006600660066006601
2020Q2,12,3,303,0.009900990099009901
2020Q2,13,11,303,0.036303630363036306
2020Q2,14,3,303,0.009900990099009901
2020Q2,15,6,303,0.019801980198019802
2020Q2,16,9,303,0.0297029702970297
2020Q2,17,9,303,0.0297029702970297
2020Q2,18,12,303,0.039603960396039604
2020Q2,19,5,303,0.0165016501650165
2020Q2,20,4,303,0.013201320132013201
2020Q3,0,33,274,0.12043795620437957
2020Q3,1,42,274,0.15328467153284672
2020Q3,2,20,274,0.072992700729927
2020Q3,3,29,274,0.10583941605839416
2020Q3,4,18,274,0.06569343065693431
2020Q3,5,8,274,0.029197080291970802
2020Q3,6,22,274,0.08029197080291971
2020Q3,7,9,274,0.032846715328467155
2020Q3,8,13,274,0.04744525547445255
2020Q3,9,5,274,0.01824817518248175
2020Q3,10,15,274,0.05474452554744526
2020Q3,11,5,274,0.01824817518248175
2020Q3,12,14,274,0.051094890510948905
2020Q3,13,5,274,0.01824817518248175
2020Q3,14,2,274,0.0072992700729927005
2020Q3,15,9,274,0.032846715328467155
2020Q3,16,5,274,0.01824817518248175
2020Q3,17,5,274,0.01824817518248175
2020Q3,18,4,274,0.014598540145985401
2020Q3,19,3,274,0.010948905109489052
2020Q3,20,8,274,0.029197080291970802
2020Q4,0,44,311,0.1414790996784566
2020Q4,1,25,311,0.08038585209003216
2020Q4,2,43,311,0.1382636655948553
2020Q4,3,34,311,0.10932475884244373
2020Q4,4,11,311,0.03536977491961415
2020Q4,5,20,311,0.06430868167202572
2020Q4,6,12,311,0.03858520900321544
2020Q4,7,17,311,0.05466237942122187
2020Q4,8,5,311,0.01607717041800643
2020Q4,9,13,311,0.04180064308681672
2020Q4,10,18,311,0.05787781350482315
2020Q4,11,13,311,0.04180064308681672
2020Q4,12,4,311,0.012861736334405145
2020Q4,13,13,311,0.04180064308681672
2020Q4,14,4,311,0.012861736334405145
2020Q4,15,3,311,0.00964630225080386
2020Q4,16,13,311,0.04180064308681672
2020Q4,17,4,311,0.012861736334405145
2020Q4,18,7,311,0.022508038585209004
2020Q4,19,5,311,0.01607717041800643
2020Q4,20,3,311,0.00964630225080386
2021Q1,0,27,245,0.11020408163265306
2021Q1,1,32,245,0.1306122448979592
2021Q1,2,27,245,0.11020408163265306
2021Q1,3,20,245,0.08163265306122448
2021Q1,4,21,245,0.08571428571428572
2021Q1,5,6,245,0.024489795918367346
2021Q1,6,7,245,0.02857142857142857
2021Q1,7,10,245,0.04081632653061224
2021Q1,8,7,245,0.02857142857142857
2021Q1,9,11,245,0.044897959183673466
2021Q1,10,26,245,0.10612244897959183
2021Q1,11,11,245,0.044897959183673466
2021Q1,12,6,245,0.024489795918367346
2021Q1,13,3,245,0.012244897959183673
2021Q1,14,6,245,0.024489795918367346
2021Q1,15,7,245,0.02857142857142857
2021Q1,16,7,245,0.02857142857142857
2021Q1,17,6,245,0.024489795918367346
2021Q1,18,1,245,0.004081632653061225
2021Q1,19,2,245,0.00816326530612245
2021Q1,20,2,245,0.00816326530612245
2021Q2,0,20,234,0.08547008547008547
2021Q2,1,16,234,0.06837606837606838
2021Q2,2,57,234,0.24358974358974358
2021Q2,3,32,234,0.13675213675213677
2021Q2,4,9,234,0.038461538461538464
2021Q2,5,13,234,0.05555555555555555
2021Q2,6,4,234,0.017094017094017096
2021Q2,7,5,234,0.021367521367521368
2021Q2,8,10,234,0.042735042735042736
2021Q2,9,8,234,0.03418803418803419
2021Q2,10,8,234,0.03418803418803419
2021Q2,11,13,234,0.05555555555555555
2021Q2,12,4,234,0.017094017094017096
2021Q2,13,2,234,0.008547008547008548
2021Q2,14,8,234,0.03418803418803419
2021Q2,15,7,234,0.029914529914529916
2021Q2,16,8,234,0.03418803418803419
2021Q2,17,3,234,0.01282051282051282
2021Q2,18,4,234,0.017094017094017096
2021Q2,19,2,234,0.008547008547008548
2021Q2,20,1,234,0.004273504273504274
2021Q3,0,26,238,0.1092436974789916
2021Q3,1,27,238,0.1134453781512605
2021Q3,2,72,238,0.3025210084033613
2021Q3,3,21,238,0.08823529411764706
2021Q3,4,15,238,0.06302521008403361
2021Q3,5,7,238,0.029411764705882353
2021Q3,6,8,238,0.03361344537815126
2021Q3,7,5,238,0.02100840336134454
2021Q3,8,12,238,0.05042016806722689
2021Q3,9,5,238,0.02100840336134454
2021Q3,10,2,238,0.008403361344537815
2021Q3,11,5,238,0.02100840336134454
2021Q3,12,7,238,0.029411764705882353
2021Q3,14,5,238,0.02100840336134454
2021Q3,15,1,238,0.004201680672268907
2021Q3,16,4,238,0.01680672268907563
2021Q3,17,8,238,0.03361344537815126
2021Q3,18,3,238,0.012605042016806723
2021Q3,20,5,238,0.02100840336134454
2021Q4,0,19,194,0.0979381443298969
2021Q4,1,25,194,0.12886597938144329
2021Q4,2,29,194,0.14948453608247422
2021Q4,3,17,194,0.08762886597938144
2021Q4,4,17,194,0.08762886597938144
2021Q4,5,8,194,0.041237113402061855
2021Q4,6,4,194,0.020618556701030927
2021Q4,7,6,194,0.030927835051546393
2021Q4,8,11,194,0.05670103092783505
2021Q4,9,7,194,0.03608247422680412
2021Q4,10,8,194,0.041237113402061855
2021Q4,11,11,194,0.05670103092783505
2021Q4,12,4,194,0.020618556701030927
2021Q4,13,2,194,0.010309278350515464
2021Q4,14,2,194,0.010309278350515464
2021Q4,15,8,194,0.041237113402061855
2021Q4,16,4,194,0.020618556701030927
2021Q4,17,1,194,0.005154639175257732
2021Q4,18,7,194,0.03608247422680412
2021Q4,19,2,194,0.010309278350515464
2021Q4,20,2,194,0.010309278350515464
2022Q1,0,17,185,0.0918918918918919
2022Q1,1,30,185,0.16216216216216217
2022Q1,2,23,185,0.12432432432432433
2022Q1,3,23,185,0.12432432432432433
2022Q1,4,7,185,0.03783783783783784
2022Q1,5,14,185,0.07567567567567568
2022Q1,6,9,185,0.04864864864864865
2022Q1,7,6,185,0.032432432432432434
2022Q1,8,12,185,0.06486486486486487
2022Q1,9,3,185,0.016216216216216217
2022Q1,10,8,185,0.043243243243243246
2022Q1,11,5,185,0.02702702702702703
2022Q1,12,1,185,0.005405405405405406
2022Q1,13,3,185,0.016216216216216217
2022Q1,14,4,185,0.021621621621621623
2022Q1,15,6,185,0.032432432432432434
2022Q1,16,2,185,0.010810810810810811
2022Q1,17,5,185,0.02702702702702703
2022Q1,18,2,185,0.010810810810810811
2022Q1,19,1,185,0.005405405405405406
2022Q1,20,4,185,0.021621621621621623
2022Q2,0,25,182,0.13736263736263737
2022Q2,1,16,182,0.08791208791208792
2022Q2,2,30,182,0.16483516483516483
2022Q2,3,15,182,0.08241758241758242
2022Q2,4,7,182,0.038461538461538464
2022Q2,5,11,182,0.06043956043956044
2022Q2,6,11,182,0.06043956043956044
2022Q2,7,3,182,0.016483516483516484
2022Q2,8,11,182,0.06043956043956044
2022Q2,9,10,182,0.054945054945054944
2022Q2,10,5,182,0.027472527472527472
2022Q2,11,6,182,0.03296703296703297
2022Q2,12,2,182,0.01098901098901099
2022Q2,13,3,182,0.016483516483516484
2022Q2,14,7,182,0.038461538461538464
2022Q2,15,7,182,0.038461538461538464
2022Q2,16,7,182,0.038461538461538464
2022Q2,17,2,182,0.01098901098901099
2022Q2,18,2,182,0.01098901098901099
2022Q2,19,1,182,0.005494505494505495
2022Q2,20,1,182,0.005494505494505495
2022Q3,0,17,176,0.09659090909090909
2022Q3,1,37,176,0.21022727272727273
2022Q3,2,23,176,0.13068181818181818
2022Q3,3,16,176,0.09090909090909091
2022Q3,4,8,176,0.045454545454545456
2022Q3,5,7,176,0.03977272727272727
2022Q3,6,5,176,0.028409090909090908
2022Q3,7,9,176,0.05113636363636364
2022Q3,8,10,176,0.056818181818181816
2022Q3,9,3,176,0.017045454545454544
2022Q3,10,3,176,0.017045454545454544
2022Q3,11,7,176,0.03977272727272727
2022Q3,12,2,176,0.011363636363636364
2022Q3,13,5,176,0.028409090909090908
2022Q3,14,7,176,0.03977272727272727
2022Q3,15,5,176,0.028409090909090908
2022Q3,16,4,176,0.022727272727272728
2022Q3,17,2,176,0.011363636363636364
2022Q3,18,2,176,0.011363636363636364
2022Q3,19,1,176,0.005681818181818182
2022Q3,20,3,176,0.017045454545454544
2022Q4,0,24,228,0.10526315789473684
2022Q4,1,30,228,0.13157894736842105
2022Q4,2,28,228,0.12280701754385964
2022Q4,3,22,228,0.09649122807017543
2022Q4,4,12,228,0.05263157894736842
2022Q4,5,15,228,0.06578947368421052
2022Q4,6,5,228,0.021929824561403508
2022Q4,7,11,228,0.04824561403508772
2022Q4,8,9,228,0.039473684210526314
2022Q4,9,11,228,0.04824561403508772
2022Q4,10,8,228,0.03508771929824561
2022Q4,11,10,228,0.043859649122807015
2022Q4,12,4,228,0.017543859649122806
2022Q4,13,5,228,0.021929824561403508
2022Q4,14,8,228,0.03508771929824561
2022Q4,15,10,228,0.043859649122807015
2022Q4,16,4,228,0.017543859649122806
2022Q4,17,4,228,0.017543859649122806
2022Q4,18,1,228,0.0043859649122807015
2022Q4,19,4,228,0.017543859649122806
2022Q4,20,3,228,0.013157894736842105
2023Q1,0,17,185,0.0918918918918919
2023Q1,1,19,185,0.10270270270270271
2023Q1,2,23,185,0.12432432432432433
2023Q1,3,6,185,0.032432432432432434
2023Q1,4,4,185,0.021621621621621623
2023Q1,5,22,185,0.11891891891891893
2023Q1,6,2,185,0.010810810810810811
2023Q1,7,6,185,0.032432432432432434
2023Q1,8,16,185,0.08648648648648649
2023Q1,9,8,185,0.043243243243243246
2023Q1,10,4,185,0.021621621621621623
2023Q1,11,11,185,0.05945945945945946
2023Q1,12,11,185,0.05945945945945946
2023Q1,13,3,185,0.016216216216216217
2023Q1,14,11,185,0.05945945945945946
2023Q1,15,6,185,0.032432432432432434
2023Q1,16,8,185,0.043243243243243246
2023Q1,17,1,185,0.005405405405405406
2023Q1,18,3,185,0.016216216216216217
2023Q1,19,2,185,0.010810810810810811
2023Q1,20,2,185,0.010810810810810811
2023Q2,0,20,165,0.12121212121212122
2023Q2,1,19,165,0.11515151515151516
2023Q2,2,10,165,0.06060606060606061
2023Q2,3,18,165,0.10909090909090909
2023Q2,4,4,165,0.024242424242424242
2023Q2,5,11,165,0.06666666666666667
2023Q2,6,2,165,0.012121212121212121
2023Q2,7,2,165,0.012121212121212121
2023Q2,8,3,165,0.01818181818181818
2023Q2,9,12,165,0.07272727272727272
2023Q2,10,8,165,0.048484848484848485
2023Q2,11,12,165,0.07272727272727272
2023Q2,12,2,165,0.012121212121212121
2023Q2,13,6,165,0.03636363636363636
2023Q2,14,13,165,0.07878787878787878
2023Q2,15,6,165,0.03636363636363636
2023Q2,16,4,165,0.024242424242424242
2023Q2,17,5,165,0.030303030303030304
2023Q2,18,4,165,0.024242424242424242
2023Q2,19,2,165,0.012121212121212121
2023Q2,20,2,165,0.012121212121212121
2023Q3,0,18,158,0.11392405063291139
2023Q3,1,13,158,0.08227848101265822
2023Q3,2,9,158,0.056962025316455694
2023Q3,3,4,158,0.02531645569620253
2023Q3,4,7,158,0.04430379746835443
2023Q3,5,14,158,0.08860759493670886
2023Q3,6,8,158,0.05063291139240506
2023Q3,7,8,158,0.05063291139240506
2023Q3,8,4,158,0.02531645569620253
2023Q3,9,7,158,0.04430379746835443
2023Q3,10,14,158,0.08860759493670886
2023Q3,11,8,158,0.05063291139240506
2023Q3,12,10,158,0.06329113924050633
2023Q3,13,2,158,0.012658227848101266
2023Q3,14,9,158,0.056962025316455694
2023Q3,15,5,158,0.03164556962025317
2023Q3,16,5,158,0.03164556962025317
2023Q3,17,6,158,0.0379746835443038
2023Q3,18,6,158,0.0379746835443038
2023Q3,19,1,158,0.006329113924050633
2023Q4,0,21,133,0.15789473684210525
2023Q4,1,14,133,0.10526315789473684
2023Q4,2,9,133,0.06766917293233082
2023Q4,3,10,133,0.07518796992481203
2023Q4,4,9,133,0.06766917293233082
2023Q4,5,12,133,0.09022556390977443
2023Q4,6,3,133,0.022556390977443608
2023Q4,7,2,133,0.015037593984962405
2023Q4,8,1,133,0.007518796992481203
2023Q4,9,6,133,0.045112781954887216
2023Q4,10,1,133,0.007518796992481203
2023Q4,11,6,133,0.045112781954887216
2023Q4,12,10,133,0.07518796992481203
2023Q4,13,2,133,0.015037593984962405
2023Q4,14,9,133,0.06766917293233082
2023Q4,15,5,133,0.03759398496240601
2023Q4,16,6,133,0.045112781954887216
2023Q4,17,1,133,0.007518796992481203
2023Q4,18,3,133,0.022556390977443608
2023Q4,19,1,133,0.007518796992481203
2023Q4,20,2,133,0.015037593984962405
2024Q1,0,13,126,0.10317460317460317
2024Q1,1,8,126,0.06349206349206349
2024Q1,2,21,126,0.16666666666666666
2024Q1,3,15,126,0.11904761904761904
2024Q1,4,3,126,0.023809523809523808
2024Q1,5,9,126,0.07142857142857142
2024Q1,6,6,126,0.047619047619047616
2024Q1,7,2,126,0.015873015873015872
2024Q1,8,3,126,0.023809523809523808
2024Q1,9,5,126,0.03968253968253968
2024Q1,10,5,126,0.03968253968253968
2024Q1,11,9,126,0.07142857142857142
2024Q1,12,1,126,0.007936507936507936
2024Q1,13,8,126,0.06349206349206349
2024Q1,14,4,126,0.031746031746031744
2024Q1,15,4,126,0.031746031746031744
2024Q1,16,4,126,0.031746031746031744
2024Q1,17,2,126,0.015873015873015872
2024Q1,18,3,126,0.023809523809523808
2024Q1,19,1,126,0.007936507936507936
2024Q2,0,11,160,0.06875
2024Q2,1,7,160,0.04375
2024Q2,2,21,160,0.13125
2024Q2,3,23,160,0.14375
2024Q2,4,4,160,0.025
2024Q2,5,18,160,0.1125
2024Q2,6,2,160,0.0125
2024Q2,7,2,160,0.0125
2024Q2,8,4,160,0.025
2024Q2,9,6,160,0.0375
2024Q2,11,4,160,0.025
2024Q2,12,7,160,0.04375
2024Q2,13,8,160,0.05
2024Q2,14,10,160,0.0625
2024Q2,15,8,160,0.05
2024Q2,16,4,160,0.025
2024Q2,17,16,160,0.1
2024Q2,18,1,160,0.00625
2024Q2,19,3,160,0.01875
2024Q2,20,1,160,0.00625
2024Q3,0,12,93,0.12903225806451613
2024Q3,1,2,93,0.021505376344086023
2024Q3,2,6,93,0.06451612903225806
2024Q3,3,6,93,0.06451612903225806
2024Q3,4,3,93,0.03225806451612903
2024Q3,5,11,93,0.11827956989247312
2024Q3,6,5,93,0.053763440860215055
2024Q3,7,3,93,0.03225806451612903
2024Q3,8,8,93,0.08602150537634409
2024Q3,9,7,93,0.07526881720430108
2024Q3,11,4,93,0.043010752688172046
2024Q3,12,3,93,0.03225806451612903
2024Q3,14,11,93,0.11827956989247312
2024Q3,15,3,93,0.03225806451612903
2024Q3,17,3,93,0.03225806451612903
2024Q3,18,4,93,0.043010752688172046
2024Q3,19,1,93,0.010752688172043012
2024Q3,20,1,93,0.010752688172043012
2024Q4,0,5,91,0.054945054945054944
2024Q4,1,8,91,0.08791208791208792
2024Q4,2,4,91,0.04395604395604396
2024Q4,3,11,91,0.12087912087912088
2024Q4,4,1,91,0.01098901098901099
2024Q4,5,5,91,0.054945054945054944
2024Q4,6,6,91,0.06593406593406594
2024Q4,7,6,91,0.06593406593406594
2024Q4,8,8,91,0.08791208791208792
2024Q4,9,6,91,0.06593406593406594
2024Q4,10,1,91,0.01098901098901099
2024Q4,11,1,91,0.01098901098901099
2024Q4,12,7,91,0.07692307692307693
2024Q4,13,3,91,0.03296703296703297
2024Q4,14,7,91,0.07692307692307693
2024Q4,15,3,91,0.03296703296703297
2024Q4,16,1,91,0.01098901098901099
2024Q4,18,1,91,0.01098901098901099
2024Q4,19,7,91,0.07692307692307693
2025Q1,0,6,92,0.06521739130434782
2025Q1,1,2,92,0.021739130434782608
2025Q1,2,7,92,0.07608695652173914
2025Q1,3,16,92,0.17391304347826086
2025Q1,4,6,92,0.06521739130434782
2025Q1,5,5,92,0.05434782608695652
2025Q1,6,1,92,0.010869565217391304
2025Q1,7,2,92,0.021739130434782608
2025Q1,8,4,92,0.043478260869565216
2025Q1,9,2,92,0.021739130434782608
2025Q1,10,2,92,0.021739130434782608
2025Q1,11,6,92,0.06521739130434782
2025Q1,12,7,92,0.07608695652173914
2025Q1,13,3,92,0.03260869565217391
2025Q1,14,3,92,0.03260869565217391
2025Q1,15,2,92,0.021739130434782608
2025Q1,16,6,92,0.06521739130434782
2025Q1,17,1,92,0.010869565217391304
2025Q1,18,1,92,0.010869565217391304
2025Q1,19,5,92,0.05434782608695652
2025Q1,20,5,92,0.05434782608695652
2025Q2,0,14,84,0.16666666666666666
2025Q2,1,6,84,0.07142857142857142
2025Q2,2,9,84,0.10714285714285714
2025Q2,3,8,84,0.09523809523809523
2025Q2,4,4,84,0.047619047619047616
2025Q2,5,1,84,0.011904761904761904
2025Q2,7,3,84,0.03571428571428571
2025Q2,8,2,84,0.023809523809523808
2025Q2,10,1,84,0.011904761904761904
2025Q2,11,3,84,0.03571428571428571
2025Q2,12,6,84,0.07142857142857142
2025Q2,13,2,84,0.023809523809523808
2025Q2,14,1,84,0.011904761904761904
2025Q2,15,3,84,0.03571428571428571
2025Q2,16,2,84,0.023809523809523808
2025Q2,17,3,84,0.03571428571428571
2025Q2,18,1,84,0.011904761904761904
2025Q2,19,15,84,0.17857142857142858
2025Q3,0,5,47,0.10638297872340426
2025Q3,1,7,47,0.14893617021276595
2025Q3,2,5,47,0.10638297872340426
2025Q3,3,3,47,0.06382978723404255
2025Q3,4,1,47,0.02127659574468085
2025Q3,5,3,47,0.06382978723404255
2025Q3,7,1,47,0.02127659574468085
2025Q3,8,3,47,0.06382978723404255
2025Q3,9,1,47,0.02127659574468085
2025Q3,11,2,47,0.0425531914893617
2025Q3,12,1,47,0.02127659574468085
2025Q3,15,1,47,0.02127659574468085
2025Q3,17,2,47,0.0425531914893617
2025Q3,18,4,47,0.0851063829787234
2025Q3,19,8,47,0.1702127659574468
2025Q4,0,8,31,0.25806451612903225
2025Q4,1,4,31,0.12903225806451613
2025Q4,2,2,31,0.06451612903225806
2025Q4,3,1,31,0.03225806451612903
2025Q4,5,1,31,0.03225806451612903
2025Q4,6,2,31,0.06451612903225806
2025Q4,8,1,31,0.03225806451612903
2025Q4,11,1,31,0.03225806451612903
2025Q4,12,2,31,0.06451612903225806
2025Q4,13,2,31,0.06451612903225806
2025Q4,15,3,31,0.0967741935483871
2025Q4,16,1,31,0.03225806451612903
2025Q4,17,3,31,0.0967741935483871
2026Q1,0,3,21,0.14285714285714285
2026Q1,1,1,21,0.047619047619047616
2026Q1,2,2,21,0.09523809523809523
2026Q1,3,2,21,0.09523809523809523
2026Q1,5,1,21,0.047619047619047616
2026Q1,6,2,21,0.09523809523809523
2026Q1,7,2,21,0.09523809523809523
2026Q1,8,3,21,0.14285714285714285
2026Q1,11,1,21,0.047619047619047616
2026Q1,16,1,21,0.047619047619047616
2026Q1,18,2,21,0.09523809523809523
2026Q1,20,1,21,0.047619047619047616
2026Q2,0,1,16,0.0625
2026Q2,1,1,16,0.0625
2026Q2,3,4,16,0.25
2026Q2,6,2,16,0.125
2026Q2,7,2,16,0.125
2026Q2,8,1,16,0.0625
2026Q2,11,1,16,0.0625
2026Q2,12,1,16,0.0625
2026Q2,13,2,16,0.125
2026Q2,18,1,16,0.0625
