quarter,volume,n_50,cos_50,ttr_50,mtld_50,n_100,cos_100,ttr_100,mtld_100,n_150,cos_150,ttr_150,mtld_150,n_200,cos_200,ttr_200,mtld_200
2011Q2,369,341,0.01168121706432925,0.7869794721407625,73.0350936060052,278,0.01701474021134933,0.681115107913669,78.08297318739517,224,0.020160320496788117,0.6236309523809523,78.09852819826723,167,0.023104583235290323,0.5844610778443114,79.05847069841144
2011Q3,432,403,0.012228320860925948,0.771712158808933,67.16188022481775,337,0.017228690837767423,0.668486646884273,73.37622786035195,265,0.021825807852458936,0.6123018867924528,74.57314254093265,189,0.02566338725336644,0.5714814814814815,74.14832557410762
2011Q4,365,336,0.011737526553435962,0.7882142857142858,72.3112563850901,274,0.01630171456840883,0.6824087591240876,78.29821490398841,202,0.01986352257487813,0.6182178217821782,75.90950230929877,148,0.024314189289262718,0.5823986486486487,78.26832994911364
2012Q1,271,248,0.012062717379099702,0.7967741935483872,74.21120984895434,216,0.017064248597232802,0.6886111111111112,82.27212650998074,171,0.02084192009877949,0.6287719298245614,83.1819115766953,138,0.024075831522860837,0.5872463768115942,80.81025140047751
2012Q2,383,365,0.01095740733143374,0.7762739726027398,66.64601286556886,299,0.015433444083519354,0.6775585284280936,76.72527923975356,230,0.01946392291337659,0.613536231884058,75.83332946307591,171,0.022843840625566346,0.5678070175438596,73.34407003727287
2012Q3,377,348,0.011168193765152587,0.775632183908046,67.97717803840673,264,0.016374423481499718,0.6664393939393939,73.07938327054578,218,0.02048384462752793,0.6037003058103976,71.7364875480868,159,0.02382424428131287,0.5590566037735848,70.75744050183843
2012Q4,410,386,0.011094715490432597,0.7730051813471502,70.73386493589533,317,0.01581099356366928,0.6750788643533123,75.83864922551845,241,0.019432830187888127,0.6122544951590595,74.55481068916615,186,0.022532615275583163,0.5699462365591398,74.44128674254617
2013Q1,437,413,0.010882556803347411,0.7758837772397095,68.66367482346475,345,0.01605082340516736,0.6690144927536232,72.17662047270683,269,0.019972865221923115,0.6126146220570013,72.52310965485749,213,0.023348586240746948,0.5710093896713615,71.16473004534497
2013Q2,515,470,0.0104195357060931,0.7796170212765957,68.26791994741338,387,0.015078869702646165,0.6767700258397932,76.44849220260089,298,0.019662038692057526,0.6203579418344519,77.27195018420144,250,0.023198947177621925,0.5759,75.20047528529595
2013Q3,465,435,0.010077809427432374,0.7710344827586206,68.0525417000512,353,0.014757093332570068,0.6665722379603399,72.138983631339,288,0.019209965506902887,0.6031712962962963,71.71094104775592,219,0.02256910669074446,0.5637899543378996,72.26643269000921
2013Q4,519,478,0.011262865930504639,0.7850627615062762,72.26354601345278,409,0.016404305972725238,0.6772860635696821,76.99314261793194,321,0.020694748488078393,0.6179439252336449,75.46714958404144,248,0.02425202732065897,0.5799596774193547,77.65928572534854
2014Q1,733,670,0.010430039852851672,0.7768059701492538,69.09472310516986,549,0.015656790289990948,0.6662295081967213,71.64716286938061,428,0.0201434333230752,0.6151557632398753,75.09545648854197,344,0.023547926145533443,0.5735755813953488,74.38121803008211
2014Q2,1088,922,0.010239317468712875,0.7740347071583515,67.06681207518025,767,0.015322989355268882,0.667496740547588,71.89575161668648,611,0.01905341681676898,0.6070376432078559,70.69498741400145,473,0.022243944240786583,0.5659196617336151,70.861008388871
2014Q3,1181,931,0.010083757252297824,0.7781740064446832,69.40614359535812,782,0.015389023793803585,0.6644373401534526,71.97154079626779,611,0.019225221395722834,0.6074740861974904,73.01383182935737,485,0.023487797451220607,0.5671134020618556,73.01407760573021
2014Q4,1013,916,0.009812276953180182,0.7770087336244541,68.66949667572015,760,0.015251328643535423,0.6743289473684211,75.71677679476211,606,0.019581523981660364,0.6157315731573157,75.37269487032604,473,0.023213588707148486,0.5759725158562367,76.7291233654961
2015Q1,941,881,0.010552963541473028,0.7735300794551646,67.69926936875997,734,0.016064183532684406,0.6732152588555859,74.3999105252959,560,0.019946257467395968,0.6151904761904762,74.74664778509106,422,0.023120862467838288,0.5734004739336493,74.16590670097551
2015Q2,1156,938,0.010639765036820275,0.7773560767590618,69.42050613238128,766,0.016008169043913,0.6730809399477807,74.62797075203639,615,0.02033447875326758,0.6131707317073171,73.69009414997619,465,0.023546776064236694,0.5754516129032258,74.96606179919952
2015Q3,980,928,0.009645165206925245,0.7759051724137931,68.56592861273491,785,0.015117625827138562,0.6749171974522292,75.03415107288427,638,0.01945777351265022,0.6198432601880879,76.47984426943435,502,0.022854740581101225,0.5790737051792828,77.18458638959041
2015Q4,1665,961,0.009960052300759246,0.7803329864724247,70.86499406119421,822,0.015240384156707821,0.677189781021898,76.47565502375016,669,0.019407628788644094,0.6218634778276033,79.002997667907,519,0.02323154062437919,0.5824181117533718,78.50803449707138
2016Q1,1312,953,0.010355070942768082,0.7752570828961176,68.85925045495893,803,0.01555950791920368,0.674719800747198,75.44183582410336,655,0.019548752888073003,0.6173638676844784,76.92856332623417,504,0.023138259395872843,0.5813095238095238,77.69076720741445
2016Q2,1043,941,0.009530790820150322,0.7741551540913921,68.57309162710648,794,0.014821834783456916,0.6702770780856424,74.77369325939671,650,0.018580695988531282,0.6143692307692308,75.97905581496121,524,0.021796842666729134,0.5741793893129771,74.90267191350615
2016Q3,952,889,0.009785292011545061,0.7730933633295838,68.1765175493514,764,0.014727194829502115,0.668586387434555,73.61665863872845,629,0.01843434160805148,0.6122734499205088,73.2066248720994,503,0.02180672546601573,0.5760337972166998,74.53177472377227
2016Q4,956,883,0.010094001904986948,0.7718233295583239,67.48545038619923,738,0.01543832957954893,0.6714498644986451,73.91455469596009,616,0.019981142873048953,0.617900432900433,74.99715765490964,495,0.02336645065512719,0.5810202020202021,75.79276853023745
2017Q1,916,864,0.0099685260216132,0.7700925925925927,66.69598746027516,736,0.01544386524832235,0.6665489130434782,72.6848162867754,593,0.01906669198393761,0.6082068577852726,72.5569772662305,486,0.0224619615232553,0.5678909465020576,72.23526162963725
2017Q2,784,744,0.010043988119161178,0.7726075268817205,67.5341228582011,622,0.015522539352604883,0.6713987138263666,73.22422426133181,502,0.019352926568044736,0.6104780876494025,72.65080451358791,415,0.02260048847987694,0.572566265060241,72.8094862786122
2017Q3,1075,957,0.01047906934520373,0.7733751306165101,67.48629922869675,808,0.015704509395194896,0.670420792079208,73.18664818555743,663,0.019479513424154125,0.6118853695324283,73.31992576782326,534,0.022593421791253284,0.5735861423220973,74.24600003305446
2017Q4,965,903,0.009910996975592275,0.7675747508305648,65.29397088334788,774,0.01473641431071181,0.6661886304909559,71.57032840658282,616,0.018730110403319514,0.6080519480519481,71.95333635640053,475,0.022241830068108377,0.5693368421052631,73.57634886432518
2018Q1,1368,944,0.010040683519272413,0.7807415254237288,70.62960221684123,826,0.014928091874321769,0.6752058111380146,76.27232906158427,663,0.0187514609742452,0.6199597787833081,77.96161124873396,548,0.02173715943905108,0.5787408759124089,76.80844420789201
2018Q2,1929,946,0.009871992964499459,0.7747145877378435,68.82613089017224,800,0.015203543006512898,0.6723375,74.80887702349914,659,0.018653347952991287,0.6110369246332826,73.9314326327276,501,0.021564398704745528,0.5690618762475049,73.53883660215713
2018Q3,1490,960,0.010005822365532864,0.7694374999999999,68.1790782772216,822,0.01485116114083255,0.67,74.32636586567708,675,0.01840410846098307,0.610637037037037,74.05655025602792,541,0.02103486428779485,0.569482439926063,73.53522870728234
2018Q4,1295,943,0.009954000623377018,0.7700106044538706,67.18505199875597,820,0.014889892172660318,0.6648414634146342,71.72544056868345,647,0.018235012593041205,0.6056877897990727,71.74336233216407,524,0.02108144460547267,0.5687309160305343,72.93672054053808
2019Q1,1227,933,0.009427403640055662,0.7643729903536978,64.33054894824316,799,0.014506686035977967,0.658685857321652,68.84541218879798,640,0.017774948974827603,0.5999062500000001,69.16538097923328,509,0.020471014744029275,0.559459724950884,69.15430883142814
2019Q2,891,850,0.009843910965739002,0.7613882352941176,63.40681688691424,732,0.015331568561412368,0.6612021857923497,70.44284547809742,597,0.019032534208969727,0.6007593523171412,70.34499786517407,468,0.022094289477592982,0.5608012820512821,70.64371660565779
2019Q3,1151,962,0.010341128669143912,0.7680665280665281,66.96398247467886,857,0.01591545457445754,0.662730455075846,70.9076913839452,725,0.020015356969005416,0.6032000000000001,70.77910051136298,585,0.023110068136621087,0.5643162393162393,70.68326338243817
2019Q4,934,886,0.009302704899946569,0.7686230248306998,67.50382137157811,768,0.014452468285725538,0.6652604166666666,72.18408004227192,637,0.018266874117735712,0.6070643642072213,71.94324959309547,519,0.021219473083744316,0.5698843930635837,72.59548959996145
2020Q1,851,799,0.009494927834102855,0.7745932415519401,68.12396749435382,691,0.01486452959232754,0.6689290882778582,74.14285463750781,566,0.018497830550422374,0.6131802120141343,75.62079688801555,452,0.02160894712651989,0.5772345132743362,76.34069444034898
2020Q2,812,756,0.009693424213237727,0.7672222222222222,66.53213582486961,630,0.01515798665544044,0.6694444444444444,73.85395991997481,512,0.0188095985031648,0.6132682291666667,74.40015479926171,402,0.02246343753913398,0.5801492537313433,77.72102103162148
2020Q3,856,800,0.009852347341729576,0.7723,68.9964901875388,683,0.015284032069452976,0.6691654465592972,74.37520977179946,554,0.019018631814705922,0.6132009626955476,75.78620356607098,458,0.02201239761479116,0.5725655021834062,75.97511584778493
2020Q4,825,782,0.010250262439188645,0.7815601023017902,70.86880324548058,677,0.01540472423596012,0.6800443131462334,78.3111015278613,569,0.019114705339647407,0.6231517281780902,79.19807633005321,483,0.02240321742818548,0.5846066252587991,78.7905158418592
2021Q1,870,829,0.010203907569467652,0.7795174909529554,71.42569224856017,690,0.015705349411079195,0.6777101449275362,78.03259440617829,562,0.020144713870706633,0.6200355871886122,80.66981966543563,458,0.022839428954347697,0.5841375545851529,82.52572083933933
2021Q2,997,937,0.010432213211362461,0.7759871931696904,70.80821029901949,816,0.015560483513549862,0.6698284313725489,74.18481668710542,685,0.019215623507327764,0.6118053527980536,75.52568938590588,563,0.02237367988278026,0.5751687388987567,76.86168846140073
2021Q3,878,823,0.009678623687830635,0.7696233292831105,67.58323988198597,686,0.014815066122721073,0.6661807580174927,73.07359507906435,565,0.018493547171501232,0.6104306784660768,74.380987625666,466,0.02091020005442544,0.5723390557939915,75.14786349796718
2021Q4,747,702,0.010407771072990268,0.7773504273504274,70.77713284494845,604,0.015817151351391636,0.6724834437086092,75.38490523866248,494,0.019740161203703283,0.6136437246963562,75.99234196633364,402,0.023621362012674157,0.5805099502487563,78.01985849068052
2022Q1,897,855,0.010007329252679512,0.776421052631579,69.55089771381624,734,0.015665184118442466,0.6730926430517711,75.48881844970818,603,0.019880213537822364,0.617003869541183,75.94125092561318,500,0.022845696360487507,0.57829,77.3751555959938
2022Q2,979,935,0.009857843043783844,0.7735401069518717,67.9932413350447,804,0.015102365174847929,0.6734328358208956,74.85007674336478,666,0.018975787105768964,0.6171471471471471,76.41459030865283,528,0.022679792063320048,0.5821875,78.16183586181309
2022Q3,1193,962,0.00997452956309092,0.7746777546777547,68.78541073106982,838,0.015297395283296586,0.6672434367541766,73.03461669197814,703,0.01916429886761572,0.6072356567093409,73.6167986466481,584,0.02213827687924518,0.568236301369863,73.7623268245848
2022Q4,943,892,0.009567787088627891,0.7691704035874438,67.70741894666999,777,0.014490941509338655,0.6645302445302446,71.99016043643616,632,0.018374984402482784,0.6066983122362868,72.45557125408392,513,0.021690879923167268,0.5649025341130605,72.48441139382369
2023Q1,1767,951,0.00963986057252366,0.7675499474237645,65.90044307557308,802,0.01445861255892971,0.6672194513715711,72.19534054409353,643,0.0179301004480262,0.6127008812856402,74.10073410913886,514,0.02087209639747197,0.5778793774319065,75.80770911700172
2023Q2,1214,950,0.009560016187979466,0.7690105263157894,66.21235432480954,822,0.014603749956833932,0.6702798053527981,73.99644959520836,691,0.01816868663495688,0.6151857211770382,75.6146024578795,579,0.02119721177804905,0.5786614853195164,76.58539475755495
2023Q3,1867,934,0.010079046800055277,0.7751605995717344,68.84351519499253,788,0.015548752157263583,0.6761675126903552,75.95268877477163,625,0.019522571408009348,0.619424,78.19682223442861,494,0.023335924480848286,0.5782085020242915,78.0877782611311
2023Q4,2262,913,0.010220338954576412,0.7675136911281489,66.02906338007824,743,0.015406654242511926,0.6650740242261104,71.36411450951015,585,0.019371243739881135,0.6078518518518519,71.17325155768373,449,0.022571676421168415,0.5668708240534521,71.42382437375358
2024Q1,2348,941,0.010162541903674759,0.7719659936238046,66.7915906949785,787,0.015503120948960818,0.6717280813214739,73.89587020101644,623,0.01954386677004191,0.6157624398073837,75.82696034248232,493,0.023302068111965092,0.5731440162271806,74.94271671230432
2024Q2,2059,936,0.00980912211954171,0.7672863247863249,65.9177321870295,784,0.015033157560253797,0.6632908163265306,71.79789623627241,614,0.018955898609498638,0.6071769815418024,71.93710252684112,481,0.02216603988554004,0.5693970893970894,73.58899702328904
2024Q3,2010,937,0.010347318941916083,0.7767342582710779,68.7975069680387,807,0.01551141399609938,0.6761214374225527,75.71226461499951,679,0.01951013456342738,0.6188708885616102,76.50681479134097,545,0.02299557600688678,0.5790091743119266,76.28316511391719
2024Q4,2298,938,0.010367081658104915,0.7723240938166311,67.99595477786276,804,0.016118405081433442,0.6665920398009951,72.10599726940923,639,0.020113709531454124,0.6099739175795513,72.08959377693957,518,0.023407109292466494,0.5741505791505791,74.10320114180433
2025Q1,1685,940,0.010142312902015947,0.7716595744680851,67.65154268484682,809,0.015562315307525835,0.6700123609394314,74.04148661942716,668,0.019422349702230914,0.6146706586826348,75.88362244567703,531,0.02285678218887765,0.5746516007532958,74.87727926163612
2025Q2,1671,913,0.010267697705088792,0.7712157721796278,68.19720180345622,750,0.01565369503985943,0.6717333333333333,74.15748879901093,605,0.019585106014072914,0.6149421487603305,75.29626941821768,465,0.023049928199305698,0.5781290322580644,76.7250395431893
2025Q3,1607,901,0.010074415371930628,0.7722752497225306,68.28370297779252,731,0.015108007841778433,0.6708071135430916,74.56489424193016,588,0.01897290553981697,0.6155782312925171,76.14250672179269,471,0.022438275560269644,0.5790021231422506,77.54994923093071
2025Q4,1425,936,0.00994788892670684,0.7683974358974359,66.7400273312565,774,0.0151207717401964,0.6687984496124031,73.84132629121692,623,0.01892456194410713,0.6128517924023542,74.43652370641848,499,0.022208439003907603,0.5722545090180361,74.17766303733907
2026Q1,1902,950,0.010399102984927713,0.7716421052631578,66.95433491905582,780,0.016039366864544997,0.6712051282051281,73.95616755610142,633,0.020282926963507697,0.6164402317008952,74.54642313542031,501,0.023630465370940167,0.5782734530938123,75.65595494391259
