quarter,group,n,n_lc,score_min,score_max,sem_pairwise_cosine,sem_centroid_variance,sem_eff_dim,lc_sem_pairwise_cosine,lc_sem_centroid_variance,lc_sem_eff_dim,sem_pairwise_cosine_lo,sem_pairwise_cosine_hi,lc_sem_pairwise_cosine_lo,lc_sem_pairwise_cosine_hi
2011Q2,high,184,149,4,102,0.12938238197464114,0.8658860005360907,57.72483326587255,0.13998601671937574,0.8542420773525664,54.974235048018436,0.11895170835264277,0.13959188294057182,0.12898169683514188,0.1521838705755981
2011Q2,low,185,129,-5,4,0.10909559972779337,0.8860887008112758,57.61509720262428,0.11614944493200921,0.8769990003775412,51.32502489823332,0.10045138074271255,0.11952400811371856,0.10499402801904953,0.12770261067406397
2011Q3,high,216,184,3,60,0.1347573019441214,0.8612369448241384,61.93394343301246,0.1501159774239319,0.8452650876707634,59.43662130726266,0.12583750629904447,0.14492581936252288,0.13883133785738236,0.16042859330418113
2011Q3,low,216,153,-4,3,0.11834179597300588,0.8775764530824247,61.44358463471614,0.1398699802178906,0.8545082549469323,55.29851869507617,0.1086330071900591,0.1288294465943326,0.12780767684203348,0.15199461036529097
2011Q4,high,182,147,3,45,0.1161667727830783,0.8789770006937518,57.53175087785606,0.12648380317843183,0.8675739097683602,54.82727727499291,0.10589449460176217,0.12651142539523322,0.11496782231555631,0.13739917294349197
2011Q4,low,183,127,-2,3,0.10787251182528948,0.8872524745781274,58.85957429799226,0.11884840647076446,0.8742133920053833,49.89115556756395,0.09762902775331705,0.11925235509999277,0.10588647466785751,0.13187101182968655
2012Q1,high,135,115,4,56,0.12086453626289265,0.8726233491909066,48.99903553587361,0.135971004948574,0.8565156994422831,47.276023021395666,0.11003246582476948,0.1319206661375947,0.12291801483153895,0.14980029438077025
2012Q1,low,136,101,-4,4,0.10845241802070563,0.884992085052976,52.07008797679361,0.12060100608624713,0.8706920731819335,46.76939103682022,0.09704565276062964,0.1199950705139093,0.10616248258557813,0.1366843270395572
2012Q2,high,191,157,3,87,0.1211381909355641,0.8742604383363498,62.50066333197858,0.13718811732497602,0.857316265587922,57.12251642244051,0.11121474167909631,0.13083918449221607,0.12624772984015645,0.14908184823829349
2012Q2,low,192,142,-5,3,0.11344298432537162,0.8819395312179897,65.73398126799023,0.13307261969795744,0.8608222579055493,56.94845370695006,0.10221358674921988,0.12392332067451424,0.12120938927035703,0.14605768371584354
2012Q3,high,188,139,2,41,0.13033577297695323,0.8650383534750519,60.55443699460366,0.14512570907201158,0.8487241161731108,56.21879826726469,0.12008198377142691,0.14124276436165606,0.1331482854684846,0.15682660256137337
2012Q3,low,189,125,-3,2,0.11360928274558002,0.8817008192795288,64.31058758266862,0.131320461394111,0.8617301022970418,53.23224786897819,0.10384853983892127,0.12304588689308378,0.11926017098406334,0.14415602358393056
2012Q4,high,205,167,3,54,0.10770098678270083,0.8879463351040441,62.88933743324941,0.1196003730630025,0.8751277728834825,60.23909378498892,0.09848022133347059,0.11703439523275838,0.10889543291892946,0.13085420112386958
2012Q4,low,205,150,-3,2,0.11520472726649847,0.8804791982323625,63.10958480811928,0.13361276396618685,0.8606113211269211,55.94858865907977,0.10560611967945115,0.12452487429443562,0.12338649809956398,0.14469117662861386
2013Q1,high,218,175,2,22,0.11769406144539388,0.8782586636071079,63.65541067865671,0.13702807856856636,0.8580406533089683,57.01645448030927,0.10813593558546128,0.12717156655793865,0.12593459627449502,0.14875528113786737
2013Q1,low,219,170,-6,2,0.1247257393248076,0.8712775745533878,62.37246182248105,0.13666080812607156,0.858260726039376,57.259635160250866,0.11469987711662195,0.13474554648205722,0.12427791330763072,0.1485345713881017
2013Q2,high,257,208,2,26,0.11115182761622994,0.8853896191838332,69.90086776608263,0.12838389260257604,0.8674256453426287,64.12548567093621,0.10324179414634801,0.11918204621003084,0.11867567063125155,0.13821741959574776
2013Q2,low,258,179,-5,2,0.11739614266522946,0.8791829121513024,67.70824742076718,0.13093744637843988,0.8642074555566353,60.69149862819556,0.1087436160222717,0.1261971603791701,0.12052728577770049,0.14155365363753114
2013Q3,high,232,188,2,20,0.11748277227913337,0.8787132741531043,66.36745840588719,0.13230360217741108,0.8630809914511922,64.12143327602814,0.10901433097154581,0.12612104310776248,0.12221857336351635,0.1427617781490276
2013Q3,low,233,165,-5,2,0.1117979402047057,0.8843900337875892,67.03307219829641,0.1202446675625172,0.8744234819378617,59.52810177950584,0.10259384390501856,0.12116046232358564,0.10896060357937036,0.13193622098659674
2013Q4,high,259,221,2,31,0.11652625747100233,0.8800626469979976,65.62723511120294,0.1350942372338837,0.860992162029618,60.93893049324359,0.10674414880623956,0.12640386367798806,0.12490539723018124,0.14493744490271307
2013Q4,low,260,188,-4,2,0.12495516011285138,0.8716792828106597,69.6586906814608,0.14676926778901617,0.848692270869436,62.87275780114718,0.1151300282479653,0.1344363849874323,0.13477597626642565,0.15812316081584632
2014Q1,high,366,292,2,29,0.1122857763756218,0.8852887749259509,73.97846959279177,0.13032983168985354,0.8666918458159336,71.10339399220537,0.10546247132053332,0.12002005050439382,0.12146829597298502,0.1390398473780216
2014Q1,low,367,257,-3,2,0.11255642906003449,0.8850254685668321,75.80921370140662,0.13209621947057962,0.8645267230176328,69.71137463533219,0.10595475290894751,0.12025333084049905,0.12272408248860875,0.14090451099264403
2014Q2,high,400,327,2,259,0.10254946658336675,0.8952069070830917,79.8806863191713,0.11658926104206004,0.8807091770651022,77.37739232788563,0.09664312775491424,0.10914785811966118,0.10978317883781244,0.12378723913105015
2014Q2,low,400,295,-5,2,0.10806866751797053,0.8897015041508244,77.01768022070351,0.12207359436092581,0.8749503839250434,70.44945621141653,0.10095311821576458,0.11557284751252798,0.11343348356981336,0.1310409324494638
2014Q3,high,400,333,1,41,0.11022448503156469,0.8875510761810143,78.61974209754918,0.12443455842538081,0.8729361159242449,75.1253218209834,0.10345671085133848,0.11805586204976942,0.11632628542852376,0.1325846621916797
2014Q3,low,400,299,-4,1,0.1116708260182742,0.8861083510467715,76.67557856945078,0.12941713667567062,0.8676712149520072,69.83200249944204,0.10486356784279285,0.11873137188154813,0.12101472701318026,0.13778711592913864
2014Q4,high,400,330,1,40,0.10569041033661448,0.8920738156892271,80.54699306771522,0.12269045331093753,0.8746510329112168,76.8929313997931,0.0986588515634403,0.11257645803705355,0.11526323284358685,0.13057991655214918
2014Q4,low,400,274,-3,1,0.10376761246183204,0.8939918065693225,75.45194673143266,0.11609829186570098,0.8806757894914731,69.5930189206838,0.09643108894535714,0.11118046288842423,0.10664701587295325,0.1259953765391593
2015Q1,high,400,318,1,93,0.11133409535645616,0.886444239881935,79.18800358769293,0.12866842184935867,0.8685915417413625,75.31439929843727,0.10491605941899194,0.11787047494928314,0.12080613042112573,0.13666505408959873
2015Q1,low,400,311,-3,1,0.11586945358011717,0.8819202200538331,77.59977809035743,0.12863062128026242,0.8685675479199957,72.96010088389208,0.10924606055036658,0.12304692856611658,0.11976943992551713,0.13765645473850552
2015Q2,high,400,325,1,33,0.12225554289705533,0.8755500959601873,76.25317508071385,0.13894560521567922,0.8584049966465228,74.13639097790528,0.11563151158088289,0.1298384997612981,0.13087176776656928,0.14717963445620585
2015Q2,low,400,289,-5,1,0.1222279257230906,0.8755776440912171,78.2991212422455,0.1359278458632578,0.8610822850912864,72.097817367857,0.11518106448476613,0.1296963006689275,0.1269913000728766,0.14527372368784644
2015Q3,high,400,340,2,29,0.11825160232160929,0.8795440266841947,77.72591443131502,0.13889054506289644,0.8585767800696416,76.53593120886812,0.11114929071246733,0.1251196107004234,0.13151159033941343,0.146417461297467
2015Q3,low,400,297,-5,2,0.10993860506792356,0.8878362414447463,75.54441035921599,0.12394919026220301,0.8731011437117437,71.0923172357556,0.10344053371930036,0.11698187626994905,0.11596050220948413,0.1321001590270794
2015Q4,high,400,336,2,120,0.11413780722518668,0.8836475372928763,76.30029659178716,0.13191967908197816,0.8654967485343372,74.78697503865818,0.10659011180196545,0.12161368292058036,0.1242750609878685,0.139998818131479
2015Q4,low,400,307,-4,2,0.12563262171484954,0.8721814598394375,81.82216657289278,0.14008534673990164,0.8571136283309124,77.97266726805205,0.1183120367097702,0.13270565214876914,0.13194928589446775,0.14814757264557338
2016Q1,high,400,334,1,72,0.1205038192573041,0.8772974402908391,77.16392088144656,0.14195254739595073,0.8554784482549354,73.3219993590403,0.11382295544993434,0.1285843476976324,0.13417496378356225,0.14983215365295868
2016Q1,low,400,299,-5,1,0.1150836338306475,0.8827040752539291,78.37520354884904,0.13376523186943567,0.863337661882636,73.34023106098337,0.1076807203205442,0.12232764581772244,0.12582436824120016,0.14229720424623626
2016Q2,high,400,339,1,26,0.11570817117501617,0.8820810992529213,79.4719165012404,0.134520762969204,0.86292620093336,76.04873738024901,0.10888807983279196,0.12341004823290515,0.12652891396035976,0.14293158294047656
2016Q2,low,400,291,-3,1,0.10779507328891655,0.8899744143943058,78.27167225190807,0.12217498264392848,0.874808436540415,73.40926249581743,0.10142721191618419,0.11462456873419057,0.11361477439922534,0.13087699747600529
2016Q3,high,400,339,1,22,0.11676166180172004,0.8810302423527843,76.29819904110647,0.1308303392638759,0.8666057384330677,73.74842273667886,0.11039168181711913,0.12344208366061468,0.12345128095719328,0.13789080842490753
2016Q3,low,400,303,-3,1,0.1125418369737731,0.8852395176186614,79.02778531949986,0.12704513362302017,0.8700738272140195,74.61147466612039,0.10610003473078344,0.11967503833706032,0.11933796448977688,0.1356665607742023
2016Q4,high,400,319,1,76,0.11596496298965499,0.8818249494178192,75.31653556989927,0.1386711018784151,0.858628807531862,70.54810527291345,0.10845849961119179,0.12270504493749253,0.13074063350840287,0.14713518021889666
2016Q4,low,400,298,-4,1,0.11964930547974464,0.8781498177839547,80.43189926004973,0.13835956563751475,0.8587490235089199,73.11758282099592,0.11217267684994937,0.1264932859845087,0.1296227942222816,0.1466461401472528
2017Q1,high,400,336,1,16,0.11563129141756547,0.8821577868109785,78.78624565087163,0.1387966023061216,0.858640292343599,76.42198462691213,0.10948544438986474,0.12192205222921902,0.1312373055617482,0.14585237872264875
2017Q1,low,400,306,-8,1,0.11365438921189919,0.8841297467611305,78.31637675991303,0.12918549224731812,0.8679687087077385,74.79755016572517,0.10724426948396576,0.12027719529340375,0.12142322254822004,0.1369356564032719
2017Q2,high,392,341,1,15,0.11913698464601656,0.8786159158250192,72.47087652235662,0.13508087123550697,0.8623827090320458,69.99137253602571,0.1132719338872941,0.12530823569021293,0.12778430326586648,0.1420512243529723
2017Q2,low,392,281,-4,1,0.12009719854780754,0.8776581514484879,79.0241413073964,0.1403131671821386,0.8566274490711786,72.39446989517653,0.11201373543018418,0.12779920368290895,0.13190535057720126,0.14887876048672807
2017Q3,high,400,338,1,69,0.11498607172563566,0.8828013934536785,77.60213576777345,0.12781075392447966,0.8696088045190838,74.1708434615504,0.10869816344445966,0.12151425221208549,0.1204595105836241,0.1354363169237743
2017Q3,low,400,302,-3,1,0.12344724126157687,0.874361376841577,77.26476212995526,0.14016780905025947,0.8569850644896421,71.24691916151143,0.11581143860121049,0.13087521270955868,0.13131720922194542,0.1493250707441216
2017Q4,high,400,346,1,18,0.10518960193330607,0.8925733720715272,79.76106960099905,0.12075154925269407,0.8767072702538166,77.63146962094304,0.09862026091802488,0.11206374150051797,0.11329101739477032,0.12819232904417183
2017Q4,low,400,298,-3,1,0.11279905428849939,0.8849829433472218,74.26660296247748,0.125821242981278,0.8712452712569142,70.02586299796532,0.10632673373041554,0.12007347314003282,0.11805987610064973,0.1331911155620604
2018Q1,high,400,348,1,96,0.1158450599203366,0.8819445527294643,74.55883788321646,0.12510802252157818,0.8723779200718746,72.88484203511157,0.10884694933671869,0.12309265135537813,0.1179872379584552,0.13313520526205205
2018Q1,low,400,305,-4,1,0.11406455387997493,0.883720607504725,77.79133863287063,0.1300623904361189,0.8670853551062946,71.96012886395215,0.10652536101756277,0.12161940856492326,0.12189042018759097,0.13776151435267528
2018Q2,high,400,330,1,163,0.11278254000069407,0.8849994163493077,77.56267353592297,0.13403112843729384,0.8633447234670616,72.78214942861169,0.10559528489176381,0.11999872118686798,0.12609833213552227,0.14146268540168275
2018Q2,low,400,311,-3,1,0.12432245573637019,0.8734883504029707,75.29679074086214,0.14362211156374474,0.8536242617853348,70.82830330422708,0.1169336059747016,0.1311923866381916,0.13538639605516495,0.1514799276636893
2018Q3,high,400,330,1,60,0.10711859107951853,0.8906492053981803,74.02501233003031,0.12680335298722517,0.8705505965672816,71.18036345756708,0.10109936314185472,0.1133787766014657,0.1194056521162187,0.1336297068599194
2018Q3,low,400,326,-4,1,0.10540855403695921,0.8923549673481332,75.56585312271102,0.12029357173958438,0.8770079422841567,70.88559774209835,0.09866029393375902,0.11288620636019124,0.11211258306298205,0.12843191967333195
2018Q4,high,400,337,1,28,0.11465565779677449,0.8831309813477175,74.72185619143991,0.135339519431937,0.8620947224654871,73.35815937295168,0.1076007900693021,0.12126720812376147,0.12804789258202345,0.1432452334876195
2018Q4,low,400,332,-2,1,0.11085502777463326,0.8869221097948033,74.43390753138151,0.12993578728029967,0.8674435373801832,71.1954260629317,0.10457615760644377,0.1175493884891825,0.12236764089674837,0.13797648384103187
2019Q1,high,400,329,1,97,0.11066075677370887,0.8871158951182254,75.56245176353329,0.12975965649720161,0.8675952360757382,73.442877848515,0.10488946307022652,0.11648185783071265,0.12268077223994095,0.1373664757087835
2019Q1,low,400,312,-4,1,0.11080924076546013,0.8869677823364536,77.80073954183962,0.12990947481020973,0.8673017735064896,71.75864578385944,0.10473612911663054,0.11807117300027979,0.12247436144243545,0.13766665354494675
2019Q2,high,400,344,1,55,0.11207009459468749,0.8857100806417992,70.34686727591887,0.1353044459741709,0.8621819041594749,70.12511296983696,0.1057462170858771,0.11913982757745073,0.12828374318138136,0.1430791959923214
2019Q2,low,400,308,-2,1,0.11581708780665675,0.8819724549128599,68.52334888323078,0.13447612193787606,0.8627137356008833,66.34420010563413,0.10916156172034025,0.12291055768954821,0.12587328388747343,0.1435179005009572
2019Q3,high,400,342,1,77,0.11556511508966767,0.8822237976980565,74.24469738208201,0.13460671397271975,0.8628628963020543,71.2708717412333,0.10891745777501483,0.12268582961857263,0.12747395242345114,0.14325854318058623
2019Q3,low,400,340,-5,1,0.12597340019317138,0.8718415333073115,72.71845565287327,0.14195789395390215,0.8555184527930211,68.94618325383793,0.11916647106165722,0.13350283583284192,0.13414152003673355,0.14953152900453948
2019Q4,high,400,351,1,99,0.11131355877107034,0.8864647251258573,80.70873859150011,0.1299266554917244,0.8675945030709301,77.92419828094293,0.10475962788512722,0.11814413818569498,0.12248487793027703,0.13801929602641794
2019Q4,low,400,304,-5,1,0.10970484244540703,0.8880694196607065,76.27882570361312,0.12841660813694242,0.8687163412319291,72.16367168609901,0.10241023891666003,0.11643625364948318,0.12026129634757562,0.13681825679350287
2020Q1,high,400,340,1,111,0.11234615865112024,0.8854347067455075,76.78037311301176,0.13025762517710915,0.8671843090145882,76.07871102274368,0.10578299208824385,0.11904353780526993,0.12245975562927461,0.13790413675245117
2020Q1,low,400,314,-4,1,0.11685510568224446,0.8809370320819612,75.81137965286919,0.1352437699895059,0.8620022292779765,73.53154828101569,0.10966481392714565,0.12330493333710431,0.12751204413274203,0.1438582643897874
2020Q2,high,400,324,1,45,0.11777403862112297,0.8800203964754298,75.53984564164143,0.13653515911290726,0.8607998259460832,72.33376813667897,0.11060693022962531,0.12494019496861215,0.1283727940196701,0.14401030388059158
2020Q2,low,400,297,-9,1,0.11175886857703467,0.8860205285944079,75.49278992951383,0.13671550547305167,0.8603778127271943,69.8416492685352,0.10400247254698673,0.11922981245287521,0.12888888584831631,0.14569165211873217
2020Q3,high,400,334,1,43,0.11026621565395175,0.8875094498851831,75.33435977519692,0.12930325475431836,0.8680898687629102,72.98282210309105,0.10352676418049257,0.11718096866277765,0.12141871160522236,0.13729597092890436
2020Q3,low,400,300,-4,1,0.11800575512109278,0.8797892592667099,73.41773169840857,0.13713432152229216,0.8599894595494488,66.6574151870687,0.1114529940506717,0.12501032630266112,0.1286288577841972,0.14580021295152473
2020Q4,high,400,344,1,31,0.11306732363096357,0.8847153446781139,78.0876209171984,0.13033134354781167,0.8671405498927343,74.62009719143467,0.10666705305627172,0.11990004192965034,0.12267727628258476,0.13815587732385606
2020Q4,low,400,312,-4,1,0.11556804206591728,0.8822208780392475,74.36774323998922,0.13150491433734413,0.8657114475675832,70.27878470863865,0.10902595116237877,0.12233081147316736,0.12361063005729107,0.13971211402147207
2021Q1,high,400,333,1,41,0.12021031364320765,0.8775902121409004,76.43157227096026,0.13654000053388246,0.8608670264947478,72.41162594662472,0.11360390637043444,0.1279023615412281,0.12836424612455732,0.14499637482575728
2021Q1,low,400,303,-6,1,0.12329298309682835,0.8745152493609137,74.86736113257373,0.14065958591911937,0.8565043071037161,70.31439559392716,0.11608233761349242,0.13126698721338478,0.13193121873328792,0.1495023467247202
2021Q2,high,400,344,1,68,0.11397668919744337,0.8838082525255502,77.75357818033548,0.13066144557645257,0.8668114074630139,74.53894347479097,0.10676255636990703,0.12118751572291883,0.12237361402225258,0.13852096592618737
2021Q2,low,400,314,-5,1,0.11843814608785995,0.8793579492773597,78.09915462441258,0.13658027828579927,0.8606699773775313,73.27977173835158,0.1106084346945917,0.12595167457715478,0.12734079198327983,0.14576722978295537
2021Q3,high,400,325,1,54,0.1117669483886103,0.8860124689823612,79.08386634467854,0.12259053858862677,0.8747097399916459,74.55617563827124,0.10494608364584533,0.1190874737557311,0.11506411636374693,0.13050633565675893
2021Q3,low,400,297,-6,1,0.11274673277838722,0.8850351340535587,74.24427735395925,0.12727737829346017,0.8697841617007939,69.66740758576498,0.1056042069972712,0.11982411733495506,0.1190002892291164,0.1355802783168055
2021Q4,high,373,317,1,38,0.12280246244920166,0.874845801525193,74.64836747122922,0.14111489106953493,0.8561756921830503,72.27690303446134,0.11552973825424696,0.1305531931892983,0.13253408296948785,0.1502551875839644
2021Q4,low,374,287,-3,1,0.11701825541181256,0.880620830832604,74.76007233333272,0.13518065471390864,0.8618060374627949,67.65093797325353,0.10993877011443985,0.12437343073902754,0.1254036432357253,0.14445222663618384
2022Q1,high,400,339,1,25,0.11261725035199695,0.8851642927738831,76.45281613986938,0.12806070202923658,0.8693672056463659,72.99942043971893,0.10598895492651099,0.11966364020171452,0.12137008874417629,0.1358455178298727
2022Q1,low,400,314,-4,1,0.12043175981130606,0.8773693195882222,74.06419633764776,0.1364212585953289,0.8608284906358664,68.99499837076695,0.11324395421587627,0.12751049108076706,0.12790133284941052,0.14435393980452263
2022Q2,high,400,337,1,40,0.11690802655647374,0.8808842435099175,78.1005579992469,0.13483332632834014,0.8625994135123968,73.07266870536105,0.11042426767416927,0.12437273459203835,0.12638907013036654,0.14328451699867378
2022Q2,low,400,320,-7,1,0.11104306988435363,0.8867345377903573,78.53037951684388,0.12654101592141712,0.8707294247533373,72.7696229846033,0.10404406893830617,0.11817320579883908,0.11860317756242367,0.1341227020592216
2022Q3,high,400,352,1,62,0.11256900508044419,0.8852124174322569,73.95388961392877,0.12831711965076378,0.8692065085300622,72.55381773702551,0.1056993229624315,0.11977948732031717,0.12019917506778512,0.1367056376027656
2022Q3,low,400,314,-2,1,0.10978566160318819,0.8879888025508198,75.89859919266287,0.125887202279763,0.8713289990013827,71.04554183475904,0.10283039886431214,0.11644069700868741,0.11711505703216088,0.1339865252066169
2022Q4,high,400,344,1,47,0.10859187981959884,0.8891795998799501,75.66528368477012,0.12469605964861315,0.8727594521526909,71.370660140719,0.10196332091362775,0.11542665655741906,0.11735192013840298,0.13269672914065367
2022Q4,low,400,312,-3,1,0.11034672375317159,0.8874291430562113,77.3519436444406,0.12598950251513774,0.8712091817877954,74.29656818107746,0.10333286206440476,0.11782707650677507,0.11765403432112782,0.1344256225723738
2023Q1,high,400,331,1,45,0.11202367788730283,0.8857563813074154,76.08548374596317,0.12813581063911553,0.8692301585773168,72.83289658101494,0.10603987227762036,0.11881775949639298,0.12082563122005897,0.13608698831215482
2023Q1,low,400,296,-3,1,0.11338421206741843,0.8843992484627501,78.41958368848923,0.12887348645297642,0.8681835185688241,71.13220744275034,0.1061475419818709,0.12039078843483128,0.12033221141498225,0.13674751063870516
2023Q2,high,400,343,1,34,0.1139075960928325,0.8838771728973995,75.90968223378547,0.12955571367577146,0.8679065478801347,74.3745415153088,0.1066635402815798,0.12106026709562011,0.12147199183535697,0.137779097121502
2023Q2,low,400,317,-3,1,0.12017145765277869,0.8776289709913533,78.69076911777128,0.1343723545322484,0.862896958888989,72.49732984605731,0.11305525354602765,0.12692881638059325,0.12619095487217358,0.14306260659519673
2023Q3,high,400,329,1,33,0.1249894254142207,0.8728230481493149,75.53131428942476,0.14170608529754383,0.8556851186091357,71.10788668599868,0.11786360376943023,0.1323836549340405,0.13233040829534654,0.15096403002313455
2023Q3,low,400,306,-4,1,0.11159316024578395,0.8861858226548305,79.23077087943693,0.13033205075563595,0.8668258971226505,73.58519951081479,0.10417786175297802,0.11834680756391674,0.12149692903583954,0.13958120552999725
2023Q4,high,400,326,1,40,0.12887136409456296,0.8689508143156734,76.85482598196477,0.14505484847019687,0.8523226203901412,72.86623367207838,0.12157627041019789,0.13618431287290558,0.13666468527762338,0.15340090034683582
2023Q4,low,400,275,-4,1,0.13093702072184357,0.8668903218299611,76.6318077752888,0.144239641412507,0.8526485027380839,71.4415484569911,0.12321204467618731,0.13892195348656025,0.13476408955561206,0.15370053879520668
2024Q1,high,400,325,1,73,0.11521677719037902,0.882571264752597,79.32470064750594,0.1301537574208734,0.86716979260196,75.7154619892933,0.10726181532781105,0.12377476872348263,0.12101154436982,0.1396866965141247
2024Q1,low,400,300,-8,1,0.1309337021926566,0.866893632062825,79.79364643724169,0.14193058546919232,0.8552091831490383,74.24186300382674,0.12291398928496078,0.13886952959063545,0.13274481378974443,0.15121907769843704
2024Q2,high,400,331,2,37,0.124319665094767,0.8734911340679699,82.43233882731622,0.1382029688478663,0.8591934147438192,79.32319421634975,0.11703935462873394,0.13269990854513258,0.12937728037294172,0.14593757634587953
2024Q2,low,400,294,-5,1,0.13094089476172763,0.8668864574751767,81.82768224319078,0.14912559688348975,0.8479802724936649,75.44666471993594,0.12337538776280818,0.1385903214419455,0.13970366683028576,0.15926929983283805
2024Q3,high,400,328,2,68,0.12560597094200143,0.8722080439853536,73.15192332995746,0.14086077297806995,0.8565199001102778,68.16432316749246,0.11807672577400438,0.13327097411010852,0.13245817417062888,0.14972950569272234
2024Q3,low,400,319,-7,2,0.12069642519848382,0.8771053158645123,73.58471567887287,0.13425952762653873,0.8630265523973689,69.06490199239215,0.11347597165201405,0.1283060406041246,0.12597027632650346,0.14288203784017348
2024Q4,high,400,325,2,39,0.1403588161443152,0.8574920808960456,75.46588809754125,0.15346191441887855,0.8439333530101026,72.41251944517703,0.13194580604517123,0.1492251826090095,0.14445617761483542,0.16302603805232624
2024Q4,low,400,291,-4,2,0.13182496521636528,0.8660045971966757,78.49729129535854,0.15136759404447384,0.8457161433921051,71.38203710730929,0.12374964957448031,0.1390999756953365,0.14122273808855468,0.16166064092892143
2025Q1,high,400,316,2,58,0.1219423418771994,0.8758625139774936,76.10141131372231,0.13785261890002704,0.8594190666028212,72.55622207482855,0.11445101897729053,0.1295108876997144,0.13005461146375047,0.14652313998557587
2025Q1,low,400,321,-7,2,0.12755825589446407,0.8702606397452721,77.63648060305844,0.1444090930666146,0.852925514699948,74.75188499940901,0.12022936456928833,0.13491928599269926,0.13615473233529027,0.15286598488512565
2025Q2,high,400,312,2,29,0.12050873999469314,0.8772925318552935,80.65374799140575,0.13393495720376167,0.8632891933000966,75.22065489742165,0.11285117369227857,0.12906348925798167,0.12362418466580659,0.14341226770011423
2025Q2,low,400,292,-4,2,0.13001096127799147,0.8678140661252035,75.48904947144506,0.15118185878301005,0.845911229774466,68.78364344740906,0.12293984824891832,0.13766458117589533,0.14188427135985945,0.16121902399225288
2025Q3,high,400,314,2,25,0.12802894587238176,0.8697911264922992,78.79256156409916,0.14647761675739152,0.8508041590921543,73.47329706569201,0.12099452634032683,0.13468909109812943,0.13797139317874868,0.154587420052673
2025Q3,low,400,282,-6,2,0.12426849839086512,0.873542172855112,80.55764221551097,0.14452022362136144,0.8524461601503455,72.86737934441173,0.11659857123823726,0.13216637895369726,0.13456873575733455,0.15502846178707108
2025Q4,high,400,319,2,36,0.1270418593980209,0.8707757452504742,76.67541367683984,0.14554981230352224,0.8517716604623196,72.24831916588629,0.12048212550630417,0.13382633194133584,0.13708384898922343,0.15438326185956597
2025Q4,low,400,294,-4,2,0.12081573207248618,0.876986307257695,77.4162211903148,0.1357869470745101,0.8612735527454712,70.32417869929581,0.1139985913258269,0.12790630056631286,0.12719622234922323,0.14417126796212262
2026Q1,high,400,330,2,48,0.13590537406387035,0.8619343893712893,79.08138663493999,0.15436578912575366,0.8430716829625062,74.10859176383092,0.12771013783629148,0.1444416945638212,0.1453842440862165,0.16327469443380696
2026Q1,low,400,287,-3,2,0.12977706674510406,0.8680473759217587,77.19729712378083,0.14781294535317696,0.8492177617734892,71.7731376625734,0.12248697515487549,0.13741595942612256,0.13895656045745075,0.15632546702968658
