quarter,n,n_sample,n_topics,p_within,overall_cosine,within_cosine,between_cosine,mc_overall_cosine,mc_between_cosine,between_centroid_cosine,eff_topics,topic_entropy,comp_jsd
2011Q2,350,350,44,0.04144085141219812,0.12385001061998398,0.30697190274353664,0.11593320430397018,-0.002811721786022255,-0.011039203512509043,0.21226547780765717,29.216644630233045,3.3747385684569684,0.16981773118217935
2011Q3,800,800,49,0.038576345431789734,0.10048727889479217,0.271709527958994,0.09361712483302732,-0.0012069034804274576,-0.008121998420684617,0.20280801797992237,32.546096201480744,3.482657429095934,0.11059500603411376
2011Q4,800,800,47,0.03998122653316646,0.09371046505952395,0.2484414056541589,0.08726649442209168,-0.0012087916828635544,-0.007705992083677245,0.2209509744071328,32.344049311930924,3.4764300569456097,0.12082915064678382
2012Q1,800,800,47,0.04322277847309136,0.09542361482435614,0.24122880062676338,0.08883680955310613,-0.0012007534092864551,-0.0076363906628843905,0.20687970663637956,31.140088042614384,3.4384959937176673,0.11705593204755434
2012Q2,800,800,49,0.034583854818523156,0.09070149906868125,0.2534375441634567,0.0848718474874552,-0.0012135134541577134,-0.006995835868957639,0.19844919118601043,35.30039900622955,3.563894267167991,0.08468822338603244
2012Q3,800,800,48,0.036846057571964956,0.09034514625588659,0.2544577736575399,0.08406691486300667,-0.0012104634457600551,-0.007410940506037455,0.20508136522327808,34.58712593184098,3.543481529928893,0.09025979462306072
2012Q4,800,800,49,0.03459324155193993,0.08600276647386065,0.25587410650984144,0.07991579821183707,-0.0012140609328666302,-0.0073503716549203554,0.19491611933211322,35.37802379395012,3.5660908305845505,0.07985492475576424
2013Q1,800,800,50,0.030963704630788486,0.09163784972122521,0.265426160830433,0.08608477605496091,-0.00120548916201053,-0.006884441303872865,0.1973918593187451,37.603898000191634,3.6271077152403257,0.06733709719665187
2013Q2,800,800,50,0.03156445556946183,0.09009041543170851,0.2683535210416185,0.08428024261323049,-0.0012079550679876601,-0.0070931425584713085,0.1957404801138174,37.47032235381183,3.6235492157526266,0.06618210584073438
2013Q3,800,800,50,0.02905819774718398,0.08101373390034744,0.26697372111326145,0.0754483518465942,-0.001226139080691898,-0.007061115567810991,0.19544192032286795,39.55420248452416,3.677671946078826,0.05868880591089756
2013Q4,800,800,50,0.025732165206508135,0.07387447104766434,0.24947674891990645,0.06923649916408527,-0.001231049795464687,-0.0061447476666697375,0.20050018123666874,42.26693021051411,3.744004988580106,0.03955414313224292
2014Q1,800,800,50,0.02556320400500626,0.07030695461468141,0.2536737852387726,0.06549654133979194,-0.001235873124621968,-0.006268771442252656,0.19020539014020998,42.598112839969914,3.751809952762849,0.031853790587537754
2014Q2,800,800,50,0.024283479349186482,0.07057354836827152,0.26828595092074625,0.06565291318085188,-0.0012326949279921338,-0.006482171988615329,0.1887706742473768,43.456203646411275,3.7717536181920783,0.025257082342264585
2014Q3,800,800,50,0.025028160200250314,0.07243306373410975,0.27444579698042587,0.06724726569996582,-0.001237168160204562,-0.006740085962706736,0.19227985011841647,43.0785233168607,3.763024574004796,0.023908819164056194
2014Q4,800,800,50,0.023103879849812266,0.07158690764686125,0.2630225159155456,0.06705939934665893,-0.001239421288472071,-0.006065360905657696,0.1977075949438763,44.675904488298045,3.7994343068013294,0.017705967194590125
2015Q1,800,800,49,0.024583854818523154,0.07060547329894952,0.2571145102549581,0.06590480158101725,-0.0012335994635079683,-0.0061932122276380204,0.1990815431330183,43.00134599539174,3.7612314174220707,0.02573313877328073
2015Q2,800,800,50,0.024283479349186482,0.07167803453964758,0.2636506071030537,0.0669002513384938,-0.0012346748883721973,-0.006332159918576792,0.19560739532305313,43.62308270175208,3.775586430026744,0.021654089028768756
2015Q3,800,800,50,0.02305694618272841,0.07105794873638521,0.2689782032176936,0.06638680988318754,-0.0012400337509394725,-0.006224088339513202,0.19599023997274984,44.83473390646056,3.802983149435146,0.015335388658589922
2015Q4,800,800,50,0.023857947434292866,0.0735036525404784,0.27692072521271816,0.06853192346242462,-0.0012345681882520974,-0.006523429390794261,0.1962463914201376,43.83339138941264,3.7803958874221246,0.03165774697121705
2016Q1,800,800,50,0.024039424280350438,0.07668677948609066,0.27417359352258014,0.07182237263349094,-0.0012308778381901345,-0.006393455750986065,0.2074159562523254,43.87122694154259,3.7812586824538363,0.01861355035264448
2016Q2,800,800,50,0.023035043804755944,0.06958963400078826,0.26169069162575387,0.06506024300342407,-0.0012400052412873033,-0.006047784440870573,0.19797189483685051,44.82895542906337,3.8028542571834882,0.015287752699240426
2016Q3,800,800,50,0.022963078848560702,0.06674271863891552,0.25787358575095304,0.06225061288848482,-0.0012394736908440738,-0.006033762439999488,0.18628012661217558,44.75417419315215,3.8011847184300027,0.013725703187166797
2016Q4,800,800,50,0.0245369211514393,0.06746632376447943,0.25934019689754767,0.06263990419189581,-0.0012357973280100474,-0.006305565504291594,0.18270754863155197,43.008465309075945,3.761396963970598,0.027672942494317
2017Q1,800,800,50,0.023194618272841052,0.0721912970982858,0.26675613423802247,0.06757128044891582,-0.001237516406708505,-0.006115720122902142,0.19869430411589384,44.4681695424576,3.7947736420486735,0.031155406697107698
2017Q2,800,800,50,0.02367334167709637,0.07593759315518267,0.2798913670682934,0.07099225305305727,-0.001234045099210555,-0.006469747482597889,0.19855176651251394,44.189322531425404,3.7884831882133043,0.029395190473371066
2017Q3,800,800,49,0.022759699624530665,0.07433180199937159,0.280706424727426,0.06952538496805218,-0.0012390368265960232,-0.006396699665608517,0.1984822031236508,44.46604344094583,3.7947258291442614,0.03200802280472255
2017Q4,800,800,50,0.024618272841051315,0.0749767359293073,0.2724776924385154,0.06999188507724705,-0.0012368840178596594,-0.006509210131938919,0.19145180670280396,42.765844631002814,3.755739761358057,0.04247170067288065
2018Q1,800,800,50,0.02520337922403004,0.07514003292580773,0.2896588395587391,0.06959364640884144,-0.0012363118629022923,-0.007120749107722786,0.1917432460370435,42.548000037543765,3.7506328512718046,0.045349355336246074
2018Q2,800,800,50,0.026780350438047558,0.07484405331280457,0.27426301215380305,0.06935658745229065,-0.001237946940948216,-0.0070651405301363325,0.18944580479954315,41.162957910020374,3.7175387720868955,0.043857499873903215
2018Q3,800,800,50,0.026329787234042553,0.07549480063563274,0.282612052482688,0.06989397902053893,-0.0012346250757336965,-0.007098107752904945,0.1973663202598645,42.122588872450685,3.7405841495851586,0.04159845297533594
2018Q4,800,800,50,0.025973091364205256,0.07154599765648756,0.2774288959397411,0.06605598985482648,-0.0012362033354929064,-0.007027433747680998,0.18510934645973176,41.77454816637954,3.7322872585373768,0.0405267795966978
2019Q1,800,800,50,0.027271589486858573,0.07789870625547762,0.2812667099740584,0.07219704415510853,-0.0012351508679701653,-0.007215800708225118,0.18957468968425328,40.71364749593933,3.7065633555521424,0.05571586800243077
2019Q2,800,800,50,0.025372340425531915,0.07407493044379092,0.2716502732377284,0.06893148021660607,-0.0012383626667500178,-0.006710126282250554,0.19519504963771345,42.779547287361474,3.7560601212551497,0.0359922573539811
2019Q3,800,800,50,0.024183354192740925,0.07429250100522965,0.26995022629573084,0.06944357770434471,-0.0012388185429036858,-0.00638083423714669,0.19345625724272159,43.47658077743629,3.772222420187396,0.041139215442103826
2019Q4,800,800,50,0.023351063829787234,0.07008005117152337,0.26553926160428365,0.06540674397801638,-0.00123918639065403,-0.006247341043010622,0.19064307472815184,44.11114516864453,3.7867124754358135,0.0314238764359368
2020Q1,800,800,50,0.025472465581977473,0.08006354771200423,0.27532263622436554,0.07495981258288889,-0.001234922282272034,-0.0066405102463479165,0.21040056563490456,42.79991347328259,3.7565360809334316,0.031509195392784316
2020Q2,699,699,50,0.03362560514201623,0.08817356056294283,0.3175299072094748,0.08019296216320455,-0.0013884807542870858,-0.009650002757159963,0.19925166497265503,36.90213621924443,3.6082694414912426,0.09122487764919507
2020Q3,692,692,50,0.029416193336289035,0.08373615164890048,0.2975660847122637,0.07725545146732717,-0.0014040337690491731,-0.008108461314741584,0.18873444884349147,39.22955594180306,3.6694304408049385,0.06349963052391466
2020Q4,572,572,49,0.028872178609481585,0.0799461286965681,0.2949667463666077,0.07355344429257142,-0.0017142277512433978,-0.008223517332418225,0.19034387127964084,40.14953659606456,3.6926108985095896,0.06508844333966507
2021Q1,537,537,49,0.03215764751660691,0.0762398331022733,0.27442497871126925,0.06965490939112493,-0.0018373089624941922,-0.008675604132217109,0.17947474334582555,37.98499163026037,3.637191124611877,0.07897026139095804
2021Q2,577,577,50,0.02976362410937801,0.07986544520867,0.29931550221778996,0.07313344755335086,-0.0017002200966287886,-0.008785005554140522,0.16768368032980002,38.731610223315926,3.656656068270886,0.07191424572021882
2021Q3,671,671,50,0.030433525368685634,0.07933219331706115,0.2988172406045381,0.07244282169639882,-0.0014646045905467432,-0.008517420538429002,0.17201573901039238,38.02348056368922,3.6382038784696413,0.06637083211332959
2021Q4,682,682,49,0.036534163576937485,0.08890545352623995,0.30604809888012546,0.08067150829955698,-0.0014203619397817745,-0.009393860469384164,0.19423578952107426,35.969617861426705,3.582674633837552,0.09214120967884792
2022Q1,617,617,50,0.02529520722389442,0.07793650618696696,0.28654674368503336,0.07252272426484242,-0.001604389969615043,-0.007358173887635945,0.18868222408867089,41.95914714745004,3.736696457950943,0.05205202166597703
2022Q2,780,780,50,0.026338830189921333,0.08103278622006634,0.2820274230004702,0.07559561385313647,-0.0012598954502344656,-0.006886476892400174,0.1952970707409039,41.72361223496289,3.731067209197605,0.04486041194771927
2022Q3,800,800,50,0.025021902377972464,0.08057542894342605,0.2890796934688877,0.07522436170912435,-0.0012335598672720493,-0.006885684522430953,0.19912535654851682,43.17386861793858,3.7652354191251485,0.030620325150829922
2022Q4,800,800,50,0.025369211514392993,0.07246757629991837,0.2974955442458504,0.06661019709240866,-0.001231934032387729,-0.00739029654461997,0.17792203295353615,42.67581228771429,3.7536323027750265,0.04630065790188719
2023Q1,800,800,50,0.024336670838548183,0.07798609483110107,0.28780530684173733,0.07275242359873539,-0.0012342163642528438,-0.006743575541127413,0.19349898264635668,43.65738057064982,3.776372353230568,0.03628349724549971
2023Q2,786,786,50,0.025542535777378,0.072989078050517,0.29188273379768387,0.06725142480382205,-0.0012590857386746118,-0.007286291072802259,0.17774759562311787,42.4023653000878,3.747204146061395,0.05308112032083417
2023Q3,800,800,50,0.024267834793491865,0.0760776197856915,0.28913444646860303,0.07077859608232487,-0.001238720846492233,-0.006797201080103821,0.19504080640151875,43.85622579349404,3.7809166880671974,0.04252519623798964
2023Q4,720,720,50,0.02469479214959048,0.08297110197918184,0.28448109144666534,0.07786885576342194,-0.0013771583824399303,-0.0067721627034893015,0.19636872603065203,42.659866757516184,3.7532585896795876,0.052275757221005574
2024Q1,800,800,49,0.02528160200250313,0.07486441204394674,0.28309521672978355,0.06946345896914717,-0.001235794152336852,-0.006893104664956311,0.18842804918188308,42.092046712436016,3.739858808647883,0.05012208643905737
2024Q2,704,704,50,0.03119342428552955,0.08449073832688649,0.2845285911716686,0.07804996286832616,-0.0014045781401136356,-0.008078232960461786,0.1765805581188331,36.86951125132487,3.6073849561594087,0.10490720284115683
2024Q3,679,679,50,0.02848193378254504,0.07983756979272477,0.2897007030385156,0.07368502557110643,-0.001459026948807782,-0.00792039339987751,0.1773605094877418,39.39008509078003,3.6735141371932265,0.07381078349742687
2024Q4,568,568,49,0.02836773728792508,0.08088776024139752,0.2860882762950001,0.07489673405366355,-0.0017487542093364418,-0.00812974168646907,0.18229218318919513,38.408087372120605,3.6482680460677672,0.07148527443073244
2025Q1,447,447,50,0.026905829596412557,0.08323658466407631,0.298047576736774,0.07729711022888651,-0.002219587264297692,-0.008413243204892491,0.16921390382232707,40.37008679449538,3.698089084837653,0.06666749744162301
2025Q2,331,331,46,0.02620159296896457,0.07965863402040735,0.31141158790969703,0.07342295266858023,-0.0030123502100457213,-0.009640213343789767,0.1595613929647669,38.67656376061713,3.6552338290125603,0.09689072455286742
2025Q3,296,296,46,0.029798442510306916,0.08712895823528584,0.29263497604635086,0.08081711590727537,-0.003367950416784934,-0.00996646571034896,0.16534011572743762,35.80438112442967,3.5780702636964703,0.09555307668369688
2025Q4,274,274,47,0.028341488195502793,0.08316749006751156,0.3055129100386927,0.0766820839100186,-0.0036444459412031493,-0.01048020550013186,0.14547406084704387,37.24274605519451,3.6174571890885994,0.10815120316163133
2026Q1,209,209,46,0.038875598086124404,0.08226863251377467,0.32189689139218997,0.07257613915528245,-0.004755397706822235,-0.014253443193837029,0.11990705497554069,32.2607716232213,3.473851991295738,0.14560883401469912
2026Q2,166,166,42,0.030522088353413655,0.09085012135791265,0.2940062443245496,0.08445415394057032,-0.006026922770972825,-0.012712065508452716,0.14477494955093737,32.55032887212893,3.4827874722019683,0.13247167292233822
